"DESCRIPTION","DURATION IN MS","NAME","PARENT SUITE","START TIME","STATUS","STOP TIME","SUB SUITE","SUITE","TEST CLASS","TEST METHOD"
"","3259","missing first name → ""First Name is required""","ui-webkit","2026-06-29","passed","2026-06-29","SauceDemo · Checkout validation @ui @regression @negative @checkout","ui/saucedemo/checkout.validation.spec.ts","",""
"","2330","default sort is name A→Z","ui-webkit","2026-06-29","passed","2026-06-29","SauceDemo · Inventory sorting @ui @regression @inventory","ui/saucedemo/inventory.sorting.spec.ts","",""
"","2564","adding products updates the cart badge (composed header component)","ui-firefox","2026-06-29","passed","2026-06-29","SauceDemo · Inventory (authenticated) @ui @smoke","ui/saucedemo/inventory.spec.ts","",""
"","1137","browse → cart → checkout → complete → logout","e2e","2026-06-29","passed","2026-06-29","E2E · SauceDemo purchase journey @e2e @ui","e2e/saucedemo-purchase.e2e.spec.ts","",""
"","2862","""Test.allTheThings() T-Shirt (Red)"" can be added and removed","ui-webkit","2026-06-29","passed","2026-06-29","SauceDemo · Cart add/remove per product @ui @regression @cart","ui/saucedemo/cart.data.spec.ts","",""
"","2406","sort price high→low orders prices descending","ui-webkit","2026-06-29","passed","2026-06-29","SauceDemo · Inventory sorting @ui @regression @inventory","ui/saucedemo/inventory.sorting.spec.ts","",""
"","37","deactivate flips is_active to false","db","2026-06-29","passed","2026-06-29","PostgreSQL · Repository edge cases @db","db/repositories-extended.spec.ts","",""
"","7","JSON write/read round-trips","api","2026-06-29","passed","2026-06-29","File utils (JSON/CSV/Excel) @smoke","api/utils.spec.ts","",""
"","3","appConfig (worker fixture) is injected","api","2026-06-29","passed","2026-06-29","Custom fixtures (DI) @smoke","api/fixtures.spec.ts","",""
"","861","authenticate SauceDemo standard_user","setup-sauce","2026-06-29","passed","2026-06-29","","setup/auth.setup.ts","",""
"","2478","sort name A→Z orders names ascending","ui-webkit","2026-06-29","passed","2026-06-29","SauceDemo · Inventory sorting @ui @regression @inventory","ui/saucedemo/inventory.sorting.spec.ts","",""
"","1694","SQLi username payload (union select) does not bypass auth","ui-webkit","2026-06-29","passed","2026-06-29","SauceDemo · Login security @ui @regression @security","ui/saucedemo/login.security.spec.ts","",""
"","4970","every login form control is programmatically labeled","accessibility","2026-06-29","passed","2026-06-29","OrangeHRM · Login · Accessibility @a11y @accessibility @regression","accessibility/orangehrm/login.a11y.spec.ts","",""
"","62","getById(15) returns the matching product","api","2026-06-29","passed","2026-06-29","DummyJSON · Products extended @api @regression","api/dummyjson-extended.spec.ts","",""
"","2820","""Sauce Labs Backpack"" can be added and removed","ui-webkit","2026-06-29","passed","2026-06-29","SauceDemo · Cart add/remove per product @ui @regression @cart","ui/saucedemo/cart.data.spec.ts","",""
"","1844","add to cart from the PDP updates the badge","ui-chromium","2026-06-29","passed","2026-06-29","SauceDemo · Product Detail Page @ui @regression @inventory","ui/saucedemo/product-details.spec.ts","",""
"","135","search results carry a valid schema","api","2026-06-29","passed","2026-06-29","DummyJSON · Product search @api @regression @search","api/products.search.spec.ts","",""
"","1961","text meets the WCAG AA colour-contrast ratio","accessibility","2026-06-29","passed","2026-06-29","SauceDemo · Login · Accessibility @a11y @accessibility @regression","accessibility/saucedemo/login.a11y.spec.ts","",""
"","127","@smoke create → returns 201 with id (CRUD)","api","2026-06-29","passed","2026-06-29","JSONPlaceholder · Post API @api","api/posts.spec.ts","",""
"","1925","valid login succeeds after a failed attempt","ui-chromium","2026-06-29","passed","2026-06-29","SauceDemo · Login negative & boundary inputs @ui @regression @negative","ui/saucedemo/login.negative.spec.ts","",""
"","2","toolchain is wired correctly","api","2026-06-29","passed","2026-06-29","Framework sanity @smoke","api/sanity.spec.ts","",""
"","35","view active_employees excludes inactive rows","db","2026-06-29","passed","2026-06-29","PostgreSQL · Employee repository @db","db/employee.spec.ts","",""
"","3170","continue shopping preserves the cart contents","ui-webkit","2026-06-29","passed","2026-06-29","SauceDemo · Cart persistence & navigation @ui @regression @cart","ui/saucedemo/cart.persistence.spec.ts","",""
"","6","workerLogger fixture is injected","api","2026-06-29","passed","2026-06-29","Custom fixtures (DI) @smoke","api/fixtures.spec.ts","",""
"","3584","""Sauce Labs Bike Light"" can be added and removed","ui-firefox","2026-06-29","passed","2026-06-29","SauceDemo · Cart add/remove per product @ui @regression @cart","ui/saucedemo/cart.data.spec.ts","",""
"","3294","boundary: 256-char username is rejected without error leak","ui-firefox","2026-06-29","passed","2026-06-29","SauceDemo · Login negative & boundary inputs @ui @regression @negative","ui/saucedemo/login.negative.spec.ts","",""
"","1565","remove on the inventory decrements the badge","ui-chromium","2026-06-29","passed","2026-06-29","SauceDemo · Inventory cart interactions @ui @regression @inventory","ui/saucedemo/inventory.cart.spec.ts","",""
"","185","partial failure inside a transaction rolls back ALL inserts","db","2026-06-29","passed","2026-06-29","PostgreSQL · Transactions @db","db/advanced.spec.ts","",""
"","68","@smoke a successful response declares a JSON content-type","api","2026-06-29","passed","2026-06-29","DummyJSON · API security @api @regression @security","api/security.spec.ts","",""
"","2409","unicode username (rtl arabic) is rejected gracefully","ui-firefox","2026-06-29","passed","2026-06-29","SauceDemo · Login negative & boundary inputs @ui @regression @negative","ui/saucedemo/login.negative.spec.ts","",""
"","370","checkout (step one) deep-link without a session is not served","ui-chromium","2026-06-29","passed","2026-06-29","SauceDemo · Authorization — protected routes @ui @regression @authorization @negative","ui/saucedemo/authorization.spec.ts","",""
"","1248","""Sauce Labs Backpack"" can be added and removed","ui-chromium","2026-06-29","passed","2026-06-29","SauceDemo · Cart add/remove per product @ui @regression @cart","ui/saucedemo/cart.data.spec.ts","",""
"","12359","inventory grid renders at tablet (768px)","ui-firefox","2026-06-29","passed","2026-06-29","SauceDemo · Responsive inventory @ui @regression @responsive","ui/saucedemo/responsive.spec.ts","",""
"","3813","XSS name payload (script tag) is treated as inert text","ui-firefox","2026-06-29","passed","2026-06-29","SauceDemo · Checkout input security @ui @regression @security @checkout","ui/saucedemo/checkout.security.spec.ts","",""
"","16","upsert updates in place without creating a duplicate","db","2026-06-29","passed","2026-06-29","PostgreSQL · Product-record repository @db","db/repositories.spec.ts","",""
"","2095","XSS username payload (attribute breakout) is neutralised","ui-webkit","2026-06-29","passed","2026-06-29","SauceDemo · Login security @ui @regression @security","ui/saucedemo/login.security.spec.ts","",""
"","1734","missing postal code → ""Postal Code is required""","ui-chromium","2026-06-29","passed","2026-06-29","SauceDemo · Checkout validation @ui @regression @negative @checkout","ui/saucedemo/checkout.validation.spec.ts","",""
"","1504","every product price is $0.00 formatted","ui-chromium","2026-06-29","passed","2026-06-29","SauceDemo · Catalog integrity @ui @regression @inventory","ui/saucedemo/inventory.catalog.spec.ts","",""
"","3960","@smoke login screen loads within the SPA budget","performance","2026-06-29","passed","2026-06-29","OrangeHRM · Login · Performance @perf","performance/orangehrm/login.perf.spec.ts","",""
"","167","6 · delete & verify gone (404)","e2e","2026-06-29","passed","2026-06-29","E2E · Booking lifecycle @e2e @api","e2e/booking-lifecycle.e2e.spec.ts","",""
"","2895","""Sauce Labs Bike Light"" can be added and removed","ui-webkit","2026-06-29","passed","2026-06-29","SauceDemo · Cart add/remove per product @ui @regression @cart","ui/saucedemo/cart.data.spec.ts","",""
"","1101","the login form component matches the baseline","visual","2026-06-29","passed","2026-06-29","SauceDemo · Login · Visual @visual @regression","visual/saucedemo/login.visual.spec.ts","",""
"","3525","the employee id is auto-populated","ui-chromium","2026-06-29","passed","2026-06-29","OrangeHRM · Add Employee form @ui @regression @forms","ui/orangehrm/add-employee.spec.ts","",""
"","2146","missing postal code is rejected","ui-chromium","2026-06-29","passed","2026-06-29","SauceDemo · Checkout flow @ui @e2e","ui/saucedemo/checkout.spec.ts","",""
"","1793","password field masks its value (type=password)","ui-firefox","2026-06-29","passed","2026-06-29","SauceDemo · Login security @ui @regression @security","ui/saucedemo/login.security.spec.ts","",""
"","1148","the app header matches the baseline","visual","2026-06-29","passed","2026-06-29","SauceDemo · Inventory · Visual @visual @regression","visual/saucedemo/inventory.visual.spec.ts","",""
"","2346","inventory grid renders at desktop (1440px)","ui-webkit","2026-06-29","passed","2026-06-29","SauceDemo · Responsive inventory @ui @regression @responsive","ui/saucedemo/responsive.spec.ts","",""
"","3012","the product detail page has no violations","accessibility","2026-06-29","passed","2026-06-29","SauceDemo · Journey · Accessibility @a11y @accessibility @regression","accessibility/saucedemo/journey.a11y.spec.ts","",""
"","67","getById(20) returns the matching product","api","2026-06-29","passed","2026-06-29","DummyJSON · Products extended @api @regression","api/dummyjson-extended.spec.ts","",""
"","5082","login screen is compliant apart from triaged waivers","accessibility","2026-06-29","passed","2026-06-29","OrangeHRM · Login · Accessibility @a11y @accessibility @regression","accessibility/orangehrm/login.a11y.spec.ts","",""
"","4981","PDP for ""Sauce Labs Bike Light"" shows correct details","ui-firefox","2026-06-29","passed","2026-06-29","SauceDemo · PDP per product @ui @regression @inventory","ui/saucedemo/product-details.data.spec.ts","",""
"","1289","every product image has alt text","ui-chromium","2026-06-29","passed","2026-06-29","SauceDemo · Catalog integrity @ui @regression @inventory","ui/saucedemo/inventory.catalog.spec.ts","",""
"","1485","empty (both empty) → ""Username is required""","ui-webkit","2026-06-29","passed","2026-06-29","SauceDemo · Login negative & boundary inputs @ui @regression @negative","ui/saucedemo/login.negative.spec.ts","",""
"","1569","cart reflects the added product","ui-chromium","2026-06-29","passed","2026-06-29","SauceDemo · Inventory (authenticated) @ui @smoke","ui/saucedemo/inventory.spec.ts","",""
"","0","negative: unknown user returns 404","api","2026-06-29","skipped","2026-06-29","ReqRes · User API @api","api/users.spec.ts","",""
"","421","DummyJSON single product conforms to schema","api","2026-06-29","passed","2026-06-29","Contract / schema validation @api @contract","api/contract.spec.ts","",""
"","3489","SQLi payload in the postal code is handled safely","ui-firefox","2026-06-29","passed","2026-06-29","SauceDemo · Checkout input security @ui @regression @security @checkout","ui/saucedemo/checkout.security.spec.ts","",""
"","11239","the logged-in user is shown in the top bar","ui-chromium","2026-06-29","passed","2026-06-29","OrangeHRM · Dashboard @ui @regression @dashboard","ui/orangehrm/dashboard.spec.ts","",""
"","3586","the checkout overview has no violations","accessibility","2026-06-29","passed","2026-06-29","SauceDemo · Journey · Accessibility @a11y @accessibility @regression","accessibility/saucedemo/journey.a11y.spec.ts","",""
"","7","CHECK constraint rejects non-positive salary","db","2026-06-29","passed","2026-06-29","PostgreSQL · Employee repository @db","db/employee.spec.ts","",""
"","1472","whitespace username (tabs) is rejected","ui-webkit","2026-06-29","passed","2026-06-29","SauceDemo · Login negative & boundary inputs @ui @regression @negative","ui/saucedemo/login.negative.spec.ts","",""
"","2708","PDP for ""Sauce Labs Bolt T-Shirt"" matches its listing","ui-webkit","2026-06-29","passed","2026-06-29","SauceDemo · Product Detail Page @ui @regression @inventory","ui/saucedemo/product-details.spec.ts","",""
"","2100","every form control is programmatically labeled","accessibility","2026-06-29","passed","2026-06-29","SauceDemo · Login · Accessibility @a11y @accessibility @regression","accessibility/saucedemo/login.a11y.spec.ts","",""
"","57","GET /booking/negative → not found","api","2026-06-29","passed","2026-06-29","Negative · Restful-Booker @api @negative","api/negative-boundary.spec.ts","",""
"","3952","""Sauce Labs Fleece Jacket"" can be purchased end-to-end","ui-firefox","2026-06-29","passed","2026-06-29","SauceDemo · Purchase each product @ui @regression @checkout","ui/saucedemo/checkout.data.spec.ts","",""
"","1240","empty (empty password) → ""Password is required""","ui-chromium","2026-06-29","passed","2026-06-29","SauceDemo · Login negative & boundary inputs @ui @regression @negative","ui/saucedemo/login.negative.spec.ts","",""
"","2956","""Sauce Labs Bike Light"" can be purchased end-to-end","ui-webkit","2026-06-29","passed","2026-06-29","SauceDemo · Purchase each product @ui @regression @checkout","ui/saucedemo/checkout.data.spec.ts","",""
"","1791","invalid password is rejected","ui-webkit","2026-06-29","passed","2026-06-29","SauceDemo · Login @ui @regression","ui/saucedemo/login.spec.ts","",""
"","3778","""Sauce Labs Bolt T-Shirt"" can be added and removed","ui-firefox","2026-06-29","passed","2026-06-29","SauceDemo · Cart add/remove per product @ui @regression @cart","ui/saucedemo/cart.data.spec.ts","",""
"","637","multiple API products sync into the DB (parity)","e2e","2026-06-29","passed","2026-06-29","E2E · Product full CRUD across API and DB @e2e","e2e/product-crud.e2e.spec.ts","",""
"","36","lists users (10 seeded)","api","2026-06-29","passed","2026-06-29","JSONPlaceholder · Post API @api","api/posts.spec.ts","",""
"","62","product fetch is annotated with labels, steps & attachments","api","2026-06-29","passed","2026-06-29","Allure reporting showcase @api @reporting","api/reporting-allure.spec.ts","",""
"","13841","@smoke a valid PNG replaces the default employee photo","ui-chromium","2026-06-29","passed","2026-06-29","OrangeHRM · Employee photo upload @ui @regression @upload","ui/orangehrm/file-upload.spec.ts","",""
"","1484","""Test.allTheThings() T-Shirt (Red)"" can be purchased end-to-end","ui-chromium","2026-06-29","passed","2026-06-29","SauceDemo · Purchase each product @ui @regression @checkout","ui/saucedemo/checkout.data.spec.ts","",""
"","388","@smoke the posts collection has 100 items","api","2026-06-29","passed","2026-06-29","JSONPlaceholder · Posts extended @api @regression","api/jsonplaceholder-posts.spec.ts","",""
"","1903","locked_out_user → error","ui-webkit","2026-06-29","passed","2026-06-29","SauceDemo · Data-driven login @ui @regression","ui/saucedemo/login.data-driven.spec.ts","",""
"","1767","a multi-item order completes successfully","ui-chromium","2026-06-29","passed","2026-06-29","SauceDemo · Checkout flow (extended) @ui @regression @checkout","ui/saucedemo/checkout.flow-extended.spec.ts","",""
"","2297","login renders and works at desktop (1440px)","ui-webkit","2026-06-29","passed","2026-06-29","SauceDemo · Responsive login @ui @regression @responsive","ui/saucedemo/responsive.spec.ts","",""
"","2613","""Sauce Labs Bolt T-Shirt"" can be added and removed","ui-webkit","2026-06-29","passed","2026-06-29","SauceDemo · Cart add/remove per product @ui @regression @cart","ui/saucedemo/cart.data.spec.ts","",""
"","4542","Reset App State clears the cart badge","ui-firefox","2026-06-29","passed","2026-06-29","SauceDemo · Inventory cart interactions @ui @regression @inventory","ui/saucedemo/inventory.cart.spec.ts","",""
"","1425","""Sauce Labs Fleece Jacket"" can be purchased end-to-end","ui-chromium","2026-06-29","passed","2026-06-29","SauceDemo · Purchase each product @ui @regression @checkout","ui/saucedemo/checkout.data.spec.ts","",""
"","4204","XSS name payload (img onerror) is treated as inert text","ui-firefox","2026-06-29","passed","2026-06-29","SauceDemo · Checkout input security @ui @regression @security @checkout","ui/saucedemo/checkout.security.spec.ts","",""
"","1693","XSS username payload (svg onload) is neutralised","ui-webkit","2026-06-29","passed","2026-06-29","SauceDemo · Login security @ui @regression @security","ui/saucedemo/login.security.spec.ts","",""
"","2","environment selector resolves to a known environment","api","2026-06-29","passed","2026-06-29","Framework sanity @smoke","api/sanity.spec.ts","",""
"","72","limit=1 (minimum limit) returns at most 1","api","2026-06-29","passed","2026-06-29","Boundary · DummyJSON products @api @negative","api/negative-boundary.spec.ts","",""
"","10","correlation id is present and stable across awaits","api","2026-06-29","passed","2026-06-29","Logging · correlation & capture @smoke","api/logging.spec.ts","",""
"","3553","""Sauce Labs Backpack"" can be purchased end-to-end","ui-webkit","2026-06-29","passed","2026-06-29","SauceDemo · Purchase each product @ui @regression @checkout","ui/saucedemo/checkout.data.spec.ts","",""
"","3713","sorts products by price low → high","ui-firefox","2026-06-29","passed","2026-06-29","SauceDemo · Inventory (authenticated) @ui @smoke","ui/saucedemo/inventory.spec.ts","",""
"","3076","unicode names are accepted","ui-webkit","2026-06-29","passed","2026-06-29","SauceDemo · Checkout input security @ui @regression @security @checkout","ui/saucedemo/checkout.security.spec.ts","",""
"","19","findByDepartment returns empty for a non-existent department","db","2026-06-29","passed","2026-06-29","PostgreSQL · Repository edge cases @db","db/repositories-extended.spec.ts","",""
"","1882","missing last name → ""Last Name is required""","ui-chromium","2026-06-29","passed","2026-06-29","SauceDemo · Checkout validation @ui @regression @negative @checkout","ui/saucedemo/checkout.validation.spec.ts","",""
"","3131","missing postal code is rejected","ui-webkit","2026-06-29","passed","2026-06-29","SauceDemo · Checkout flow @ui @e2e","ui/saucedemo/checkout.spec.ts","",""
"","4686","cart deep-link without a session is not served","ui-firefox","2026-06-29","passed","2026-06-29","SauceDemo · Authorization — protected routes @ui @regression @authorization @negative","ui/saucedemo/authorization.spec.ts","",""
"","4765","@smoke login screen has no CRITICAL accessibility violations","accessibility","2026-06-29","passed","2026-06-29","OrangeHRM · Login · Accessibility @a11y @accessibility @regression","accessibility/orangehrm/login.a11y.spec.ts","",""
"","1529","every product has a non-empty name","ui-chromium","2026-06-29","passed","2026-06-29","SauceDemo · Catalog integrity @ui @regression @inventory","ui/saucedemo/inventory.catalog.spec.ts","",""
"","1321","login error banner can be dismissed","ui-chromium","2026-06-29","passed","2026-06-29","SauceDemo · Login negative & boundary inputs @ui @regression @negative","ui/saucedemo/login.negative.spec.ts","",""
"","1331","checkout navigation timing is captured","performance","2026-06-29","passed","2026-06-29","SauceDemo · Checkout · Performance @perf","performance/saucedemo/checkout.perf.spec.ts","",""
"","1981","back to products returns to the inventory","ui-chromium","2026-06-29","passed","2026-06-29","SauceDemo · Product Detail Page @ui @regression @inventory","ui/saucedemo/product-details.spec.ts","",""
"","1400","login renders and works at tablet (768px)","ui-chromium","2026-06-29","passed","2026-06-29","SauceDemo · Responsive login @ui @regression @responsive","ui/saucedemo/responsive.spec.ts","",""
"","3355","only the first name filled stops at the last-name requirement","ui-firefox","2026-06-29","passed","2026-06-29","SauceDemo · Checkout validation @ui @regression @negative @checkout","ui/saucedemo/checkout.validation.spec.ts","",""
"","34","an unknown post id returns 404","api","2026-06-29","passed","2026-06-29","JSONPlaceholder · Posts extended @api @regression","api/jsonplaceholder-posts.spec.ts","",""
"","9","CSV write/read round-trips","api","2026-06-29","passed","2026-06-29","File utils (JSON/CSV/Excel) @smoke","api/utils.spec.ts","",""
"","78","all listed products have a positive price","api","2026-06-29","passed","2026-06-29","DummyJSON · Product catalog integrity @api @regression @inventory","api/products.extended.spec.ts","",""
"","1247","""Sauce Labs Bolt T-Shirt"" can be added and removed","ui-chromium","2026-06-29","passed","2026-06-29","SauceDemo · Cart add/remove per product @ui @regression @cart","ui/saucedemo/cart.data.spec.ts","",""
"","3015","checkout (overview) deep-link without a session is not served","ui-firefox","2026-06-29","passed","2026-06-29","SauceDemo · Authorization — protected routes @ui @regression @authorization @negative","ui/saucedemo/authorization.spec.ts","",""
"","2475","inventory grid renders at mobile portrait (375px)","ui-firefox","2026-06-29","passed","2026-06-29","SauceDemo · Responsive inventory @ui @regression @responsive","ui/saucedemo/responsive.spec.ts","",""
"","3415","first and last name only stops at the postal-code requirement","ui-firefox","2026-06-29","passed","2026-06-29","SauceDemo · Checkout validation @ui @regression @negative @checkout","ui/saucedemo/checkout.validation.spec.ts","",""
"","18175","after logout, the catalog is no longer served","ui-webkit","2026-06-29","passed","2026-06-29","SauceDemo · Authenticated session @ui @regression","ui/saucedemo/session.spec.ts","",""
"","15","query on last_name uses idx_employees_last_name (EXPLAIN)","db","2026-06-29","passed","2026-06-29","PostgreSQL · Indexes & functions @db","db/advanced.spec.ts","",""
"","968","whitespace username (leading spaces) is rejected","ui-chromium","2026-06-29","passed","2026-06-29","SauceDemo · Login negative & boundary inputs @ui @regression @negative","ui/saucedemo/login.negative.spec.ts","",""
"","1581","the cart page matches the baseline","visual","2026-06-29","passed","2026-06-29","SauceDemo · Cart & Checkout · Visual @visual @regression","visual/saucedemo/cart.visual.spec.ts","",""
"","3520","""Sauce Labs Fleece Jacket"" can be added and removed","ui-firefox","2026-06-29","passed","2026-06-29","SauceDemo · Cart add/remove per product @ui @regression @cart","ui/saucedemo/cart.data.spec.ts","",""
"","1493","locked_out_user is rejected with an error","ui-chromium","2026-06-29","passed","2026-06-29","SauceDemo · Login @ui @regression","ui/saucedemo/login.spec.ts","",""
"","3211","very long names are accepted without breaking the form","ui-webkit","2026-06-29","passed","2026-06-29","SauceDemo · Checkout input security @ui @regression @security @checkout","ui/saucedemo/checkout.security.spec.ts","",""
"","38","upsert twice keeps a single row for one external id","db","2026-06-29","passed","2026-06-29","PostgreSQL · Repository edge cases @db","db/repositories-extended.spec.ts","",""
"","2544","PDP for ""Sauce Labs Backpack"" matches its listing","ui-webkit","2026-06-29","passed","2026-06-29","SauceDemo · Product Detail Page @ui @regression @inventory","ui/saucedemo/product-details.spec.ts","",""
"","455","JSONPlaceholder post conforms to schema","api","2026-06-29","passed","2026-06-29","Contract / schema validation @api @contract","api/contract.spec.ts","",""
"","1301","""Test.allTheThings() T-Shirt (Red)"" can be added and removed","ui-chromium","2026-06-29","passed","2026-06-29","SauceDemo · Cart add/remove per product @ui @regression @cart","ui/saucedemo/cart.data.spec.ts","",""
"","1504","SQLi username payload (or-1=1 comment) does not bypass auth","ui-chromium","2026-06-29","passed","2026-06-29","SauceDemo · Login security @ui @regression @security","ui/saucedemo/login.security.spec.ts","",""
"","3767","cancel from the overview returns to the inventory","ui-firefox","2026-06-29","passed","2026-06-29","SauceDemo · Checkout flow (extended) @ui @regression @checkout","ui/saucedemo/checkout.flow-extended.spec.ts","",""
"","4544","""Sauce Labs Onesie"" can be purchased end-to-end","ui-firefox","2026-06-29","passed","2026-06-29","SauceDemo · Purchase each product @ui @regression @checkout","ui/saucedemo/checkout.data.spec.ts","",""
"","70","an empty query returns a valid product list","api","2026-06-29","passed","2026-06-29","DummyJSON · Product search @api @regression @search","api/products.search.spec.ts","",""
"","4093","""Sauce Labs Backpack"" can be purchased end-to-end","ui-firefox","2026-06-29","passed","2026-06-29","SauceDemo · Purchase each product @ui @regression @checkout","ui/saucedemo/checkout.data.spec.ts","",""
"","2457","totals reconcile for the full six-item cart","ui-chromium","2026-06-29","passed","2026-06-29","SauceDemo · Checkout totals @ui @regression @checkout","ui/saucedemo/checkout.totals.spec.ts","",""
"","1666","empty (empty password) → ""Password is required""","ui-webkit","2026-06-29","passed","2026-06-29","SauceDemo · Login negative & boundary inputs @ui @regression @negative","ui/saucedemo/login.negative.spec.ts","",""
"","68","getById(10) returns the matching product","api","2026-06-29","passed","2026-06-29","DummyJSON · Products extended @api @regression","api/dummyjson-extended.spec.ts","",""
"","1121","unicode username (cjk) is rejected gracefully","ui-chromium","2026-06-29","passed","2026-06-29","SauceDemo · Login negative & boundary inputs @ui @regression @negative","ui/saucedemo/login.negative.spec.ts","",""
"","2821","SQLi payload in the postal code is handled safely","ui-webkit","2026-06-29","passed","2026-06-29","SauceDemo · Checkout input security @ui @regression @security @checkout","ui/saucedemo/checkout.security.spec.ts","",""
"","1358","payment and shipping information are shown on the overview","ui-chromium","2026-06-29","passed","2026-06-29","SauceDemo · Checkout flow (extended) @ui @regression @checkout","ui/saucedemo/checkout.flow-extended.spec.ts","",""
"","3009","remove on the inventory decrements the badge","ui-webkit","2026-06-29","passed","2026-06-29","SauceDemo · Inventory cart interactions @ui @regression @inventory","ui/saucedemo/inventory.cart.spec.ts","",""
"","3591","sort name Z→A orders names descending","ui-firefox","2026-06-29","passed","2026-06-29","SauceDemo · Inventory sorting @ui @regression @inventory","ui/saucedemo/inventory.sorting.spec.ts","",""
"","5323","missing first name → ""First Name is required""","ui-firefox","2026-06-29","passed","2026-06-29","SauceDemo · Checkout validation @ui @regression @negative @checkout","ui/saucedemo/checkout.validation.spec.ts","",""
"","3029","PDP for ""Sauce Labs Fleece Jacket"" shows correct details","ui-webkit","2026-06-29","passed","2026-06-29","SauceDemo · PDP per product @ui @regression @inventory","ui/saucedemo/product-details.data.spec.ts","",""
"","1968","login error banner can be dismissed","ui-webkit","2026-06-29","passed","2026-06-29","SauceDemo · Login negative & boundary inputs @ui @regression @negative","ui/saucedemo/login.negative.spec.ts","",""
"","12472","the side-menu search filters the navigation","ui-chromium","2026-06-29","passed","2026-06-29","OrangeHRM · Dashboard @ui @regression @dashboard","ui/orangehrm/dashboard.spec.ts","",""
"","2135","session is shared across a second tab in the same context","ui-chromium","2026-06-29","passed","2026-06-29","SauceDemo · Authenticated session @ui @regression","ui/saucedemo/session.spec.ts","",""
"","2420","every product has a non-empty description","ui-webkit","2026-06-29","passed","2026-06-29","SauceDemo · Catalog integrity @ui @regression @inventory","ui/saucedemo/inventory.catalog.spec.ts","",""
"","3","exposes valid UI + API base URLs","api","2026-06-29","passed","2026-06-29","Configuration facade @smoke","api/config.spec.ts","",""
"","3633","completing an order shows confirmation and empties the cart","ui-webkit","2026-06-29","passed","2026-06-29","SauceDemo · Checkout flow (extended) @ui @regression @checkout","ui/saucedemo/checkout.flow-extended.spec.ts","",""
"","44256","a non-matching name returns no records","ui-chromium","2026-06-29","passed","2026-06-29","OrangeHRM · PIM search @ui @regression @search","ui/orangehrm/pim-search.spec.ts","",""
"","632","re-syncing the same product is idempotent (no duplicate row)","e2e","2026-06-29","passed","2026-06-29","E2E · API → DB product sync @e2e","e2e/api-to-db-sync.e2e.spec.ts","",""
"","11502","unknown user is rejected with an error","ui-chromium","2026-06-29","passed","2026-06-29","OrangeHRM · Login negative @ui @regression @negative","ui/orangehrm/login.negative.spec.ts","",""
"","116","update without a token is forbidden (403)","api","2026-06-29","passed","2026-06-29","Restful-Booker · Authorization @api @regression @authorization @security","api/authorization.spec.ts","",""
"","959","removing one of three items leaves the other two","ui-chromium","2026-06-29","passed","2026-06-29","SauceDemo · Cart contents integrity @ui @regression @cart","ui/saucedemo/cart.contents.spec.ts","",""
"","533","@smoke API → DB → update → delete → verify gone","e2e","2026-06-29","passed","2026-06-29","E2E · Product full CRUD across API and DB @e2e","e2e/product-crud.e2e.spec.ts","",""
"","66","a partial term returns results","api","2026-06-29","passed","2026-06-29","DummyJSON · Product search @api @regression @search","api/products.search.spec.ts","",""
"","2462","@smoke standard_user logs in and reaches the inventory","ui-firefox","2026-06-29","passed","2026-06-29","SauceDemo · Login @ui @regression","ui/saucedemo/login.spec.ts","",""
"","2900","an XSS payload in the name field does not execute a script","ui-chromium","2026-06-29","passed","2026-06-29","OrangeHRM · Add Employee form @ui @regression @forms","ui/orangehrm/add-employee.spec.ts","",""
"","2302","locked_out_user is rejected with an error","ui-firefox","2026-06-29","passed","2026-06-29","SauceDemo · Login @ui @regression","ui/saucedemo/login.spec.ts","",""
"","3151","total equals subtotal plus tax for a single item","ui-webkit","2026-06-29","passed","2026-06-29","SauceDemo · Checkout totals @ui @regression @checkout","ui/saucedemo/checkout.totals.spec.ts","",""
"","1366","""Sauce Labs Onesie"" can be purchased end-to-end","ui-chromium","2026-06-29","passed","2026-06-29","SauceDemo · Purchase each product @ui @regression @checkout","ui/saucedemo/checkout.data.spec.ts","",""
"","2580","PDP for ""Test.allTheThings() T-Shirt (Red)"" shows correct details","ui-webkit","2026-06-29","passed","2026-06-29","SauceDemo · PDP per product @ui @regression @inventory","ui/saucedemo/product-details.data.spec.ts","",""
"","911","the empty cart shows no items and no badge","ui-chromium","2026-06-29","passed","2026-06-29","SauceDemo · Cart contents integrity @ui @regression @cart","ui/saucedemo/cart.contents.spec.ts","",""
"","1900","very long names are accepted without breaking the form","ui-chromium","2026-06-29","passed","2026-06-29","SauceDemo · Checkout input security @ui @regression @security @checkout","ui/saucedemo/checkout.security.spec.ts","",""
"","7641","@smoke creates an employee with first and last name","ui-chromium","2026-06-29","passed","2026-06-29","OrangeHRM · Add Employee form @ui @regression @forms","ui/orangehrm/add-employee.spec.ts","",""
"","60","an unknown product id returns 404","api","2026-06-29","passed","2026-06-29","DummyJSON · Product catalog integrity @api @regression @inventory","api/products.extended.spec.ts","",""
"","1252","whitespace username (tabs) is rejected","ui-chromium","2026-06-29","passed","2026-06-29","SauceDemo · Login negative & boundary inputs @ui @regression @negative","ui/saucedemo/login.negative.spec.ts","",""
"","4285","login details require a username and password","ui-chromium","2026-06-29","passed","2026-06-29","OrangeHRM · Add Employee form @ui @regression @forms","ui/orangehrm/add-employee.spec.ts","",""
"","1539","login renders and works at mobile portrait (375px)","ui-chromium","2026-06-29","passed","2026-06-29","SauceDemo · Responsive login @ui @regression @responsive","ui/saucedemo/responsive.spec.ts","",""
"","1266","@smoke checkout information screen loads within budget","performance","2026-06-29","passed","2026-06-29","SauceDemo · Checkout · Performance @perf","performance/saucedemo/checkout.perf.spec.ts","",""
"","68","adding a product returns a generated id","api","2026-06-29","passed","2026-06-29","DummyJSON · Products extended @api @regression","api/dummyjson-extended.spec.ts","",""
"","66","Excel write/read round-trips","api","2026-06-29","passed","2026-06-29","File utils (JSON/CSV/Excel) @smoke","api/utils.spec.ts","",""
"","1095","boundary: 256-char username is rejected without error leak","ui-chromium","2026-06-29","passed","2026-06-29","SauceDemo · Login negative & boundary inputs @ui @regression @negative","ui/saucedemo/login.negative.spec.ts","",""
"","4191","cart contents persist across a page refresh","ui-firefox","2026-06-29","passed","2026-06-29","SauceDemo · Cart persistence & navigation @ui @regression @cart","ui/saucedemo/cart.persistence.spec.ts","",""
"","2066","tax is 8% of the subtotal","ui-chromium","2026-06-29","passed","2026-06-29","SauceDemo · Checkout totals @ui @regression @checkout","ui/saucedemo/checkout.totals.spec.ts","",""
"","4630","PDP for ""Sauce Labs Bolt T-Shirt"" matches its listing","ui-firefox","2026-06-29","passed","2026-06-29","SauceDemo · Product Detail Page @ui @regression @inventory","ui/saucedemo/product-details.spec.ts","",""
"","77","@smoke default list returns a full page of 30","api","2026-06-29","passed","2026-06-29","DummyJSON · Products extended @api @regression","api/dummyjson-extended.spec.ts","",""
"","4021","mismatched login passwords are rejected","ui-chromium","2026-06-29","passed","2026-06-29","OrangeHRM · Add Employee form @ui @regression @forms","ui/orangehrm/add-employee.spec.ts","",""
"","1819","login renders and works at mobile portrait (375px)","ui-webkit","2026-06-29","passed","2026-06-29","SauceDemo · Responsive login @ui @regression @responsive","ui/saucedemo/responsive.spec.ts","",""
"","1843","PDP for ""Sauce Labs Backpack"" shows correct details","ui-chromium","2026-06-29","passed","2026-06-29","SauceDemo · PDP per product @ui @regression @inventory","ui/saucedemo/product-details.data.spec.ts","",""
"","2006","login renders and works at tablet (768px)","ui-webkit","2026-06-29","passed","2026-06-29","SauceDemo · Responsive login @ui @regression @responsive","ui/saucedemo/responsive.spec.ts","",""
"","1199","an add-to-cart button is reachable using only the Tab key","accessibility","2026-06-29","passed","2026-06-29","SauceDemo · Inventory · Accessibility @a11y @accessibility @regression","accessibility/saucedemo/inventory.a11y.spec.ts","",""
"","2507","valid login succeeds after a failed attempt","ui-webkit","2026-06-29","passed","2026-06-29","SauceDemo · Login negative & boundary inputs @ui @regression @negative","ui/saucedemo/login.negative.spec.ts","",""
"","35","stored function give_raise() returns increased salary","db","2026-06-29","passed","2026-06-29","PostgreSQL · Employee repository @db","db/employee.spec.ts","",""
"","43","view active_employees joins department names","db","2026-06-29","passed","2026-06-29","PostgreSQL · Indexes & functions @db","db/advanced.spec.ts","",""
"","33","@smoke a product has a valid schema and types","api","2026-06-29","passed","2026-06-29","DummyJSON · Product catalog integrity @api @regression @inventory","api/products.extended.spec.ts","",""
"","414","limit=1 returns exactly one product","api","2026-06-29","passed","2026-06-29","DummyJSON · Products extended @api @regression","api/dummyjson-extended.spec.ts","",""
"","3321","@smoke Admin sees the Admin and PIM modules","ui-chromium","2026-06-29","passed","2026-06-29","OrangeHRM · Authorization — Admin privileges @ui @regression @authorization","ui/orangehrm/authorization.spec.ts","",""
"","1531","every product price is positive","ui-chromium","2026-06-29","passed","2026-06-29","SauceDemo · Catalog integrity @ui @regression @inventory","ui/saucedemo/inventory.catalog.spec.ts","",""
"","3747","very long names are accepted without breaking the form","ui-firefox","2026-06-29","passed","2026-06-29","SauceDemo · Checkout input security @ui @regression @security @checkout","ui/saucedemo/checkout.security.spec.ts","",""
"","71","1 · hire (insert) the employee","e2e","2026-06-29","passed","2026-06-29","E2E · Employee lifecycle @e2e @db","e2e/employee-lifecycle.e2e.spec.ts","",""
"","895","cart prices match the inventory listing","ui-chromium","2026-06-29","passed","2026-06-29","SauceDemo · Cart contents integrity @ui @regression @cart","ui/saucedemo/cart.contents.spec.ts","",""
"","1902","unicode username (emoji) is rejected gracefully","ui-webkit","2026-06-29","passed","2026-06-29","SauceDemo · Login negative & boundary inputs @ui @regression @negative","ui/saucedemo/login.negative.spec.ts","",""
"","3526","""Sauce Labs Bolt T-Shirt"" can be purchased end-to-end","ui-webkit","2026-06-29","passed","2026-06-29","SauceDemo · Purchase each product @ui @regression @checkout","ui/saucedemo/checkout.data.spec.ts","",""
"","2679","add toggles the card button to ""Remove""","ui-webkit","2026-06-29","passed","2026-06-29","SauceDemo · Inventory cart interactions @ui @regression @inventory","ui/saucedemo/inventory.cart.spec.ts","",""
"","3055","back to products returns to the inventory","ui-webkit","2026-06-29","passed","2026-06-29","SauceDemo · Product Detail Page @ui @regression @inventory","ui/saucedemo/product-details.spec.ts","",""
"","1454","full inventory page matches the baseline","visual","2026-06-29","passed","2026-06-29","SauceDemo · Inventory · Visual @visual @regression","visual/saucedemo/inventory.visual.spec.ts","",""
"","1814","first and last name only stops at the postal-code requirement","ui-chromium","2026-06-29","passed","2026-06-29","SauceDemo · Checkout validation @ui @regression @negative @checkout","ui/saucedemo/checkout.validation.spec.ts","",""
"","73","give_raise() on a non-existent employee returns null","db","2026-06-29","passed","2026-06-29","PostgreSQL · Indexes & functions @db","db/advanced.spec.ts","",""
"","70","the list response time is within SLA","api","2026-06-29","passed","2026-06-29","DummyJSON · Products extended @api @regression","api/dummyjson-extended.spec.ts","",""
"","1706","SQLi username payload (admin comment) does not bypass auth","ui-webkit","2026-06-29","passed","2026-06-29","SauceDemo · Login security @ui @regression @security","ui/saucedemo/login.security.spec.ts","",""
"","2774","""Sauce Labs Onesie"" can be added and removed","ui-webkit","2026-06-29","passed","2026-06-29","SauceDemo · Cart add/remove per product @ui @regression @cart","ui/saucedemo/cart.data.spec.ts","",""
"","2364","problem_user → success","ui-webkit","2026-06-29","passed","2026-06-29","SauceDemo · Data-driven login @ui @regression","ui/saucedemo/login.data-driven.spec.ts","",""
"","9","3 · deactivate & verify excluded from active_employees view","e2e","2026-06-29","passed","2026-06-29","E2E · Employee lifecycle @e2e @db","e2e/employee-lifecycle.e2e.spec.ts","",""
"","420","cart deep-link without a session is not served","ui-chromium","2026-06-29","passed","2026-06-29","SauceDemo · Authorization — protected routes @ui @regression @authorization @negative","ui/saucedemo/authorization.spec.ts","",""
"","4564","saving an empty form flags both name fields as required","ui-chromium","2026-06-29","passed","2026-06-29","OrangeHRM · Add Employee form @ui @regression @forms","ui/orangehrm/add-employee.spec.ts","",""
"","1289","inventory grid renders at mobile portrait (375px)","ui-chromium","2026-06-29","passed","2026-06-29","SauceDemo · Responsive inventory @ui @regression @responsive","ui/saucedemo/responsive.spec.ts","",""
"","6","log fixture is a usable scoped logger","api","2026-06-29","passed","2026-06-29","Custom fixtures (DI) @smoke","api/fixtures.spec.ts","",""
"","3403","Reset App State clears the cart badge","ui-webkit","2026-06-29","passed","2026-06-29","SauceDemo · Inventory cart interactions @ui @regression @inventory","ui/saucedemo/inventory.cart.spec.ts","",""
"","3561","removing one of three items leaves the other two","ui-firefox","2026-06-29","passed","2026-06-29","SauceDemo · Cart contents integrity @ui @regression @cart","ui/saucedemo/cart.contents.spec.ts","",""
"","7095","performance_glitch_user → success","ui-firefox","2026-06-29","passed","2026-06-29","SauceDemo · Data-driven login @ui @regression","ui/saucedemo/login.data-driven.spec.ts","",""
"","3279","PDP for ""Test.allTheThings() T-Shirt (Red)"" shows correct details","ui-firefox","2026-06-29","passed","2026-06-29","SauceDemo · PDP per product @ui @regression @inventory","ui/saucedemo/product-details.data.spec.ts","",""
"","10","FK constraint rejects unknown department","db","2026-06-29","passed","2026-06-29","PostgreSQL · Employee repository @db","db/employee.spec.ts","",""
"","1626","@smoke completes a single-item purchase end-to-end","ui-chromium","2026-06-29","passed","2026-06-29","SauceDemo · Checkout flow @ui @e2e","ui/saucedemo/checkout.spec.ts","",""
"","10180","the first row has populated id and name cells","ui-chromium","2026-06-29","passed","2026-06-29","OrangeHRM · PIM data grid @ui @regression @tables","ui/orangehrm/pim-table.spec.ts","",""
"","1849","PDP for ""Sauce Labs Fleece Jacket"" shows correct details","ui-chromium","2026-06-29","passed","2026-06-29","SauceDemo · PDP per product @ui @regression @inventory","ui/saucedemo/product-details.data.spec.ts","",""
"","2023","subtotal equals the sum of item prices","ui-chromium","2026-06-29","passed","2026-06-29","SauceDemo · Checkout totals @ui @regression @checkout","ui/saucedemo/checkout.totals.spec.ts","",""
"","34","getById(1) returns the matching product","api","2026-06-29","passed","2026-06-29","DummyJSON · Products extended @api @regression","api/dummyjson-extended.spec.ts","",""
"","11621","an invalid file type is rejected with a validation error","ui-chromium","2026-06-29","passed","2026-06-29","OrangeHRM · Employee photo upload @ui @regression @upload","ui/orangehrm/file-upload.spec.ts","",""
"","66","a unicode term is handled gracefully","api","2026-06-29","passed","2026-06-29","DummyJSON · Product search @api @regression @search","api/products.search.spec.ts","",""
"","3696","""Sauce Labs Bike Light"" can be purchased end-to-end","ui-firefox","2026-06-29","passed","2026-06-29","SauceDemo · Purchase each product @ui @regression @checkout","ui/saucedemo/checkout.data.spec.ts","",""
"","3708","cart lists items in the order they were added","ui-firefox","2026-06-29","passed","2026-06-29","SauceDemo · Cart contents integrity @ui @regression @cart","ui/saucedemo/cart.contents.spec.ts","",""
"","1653","sort name A→Z orders names ascending","ui-chromium","2026-06-29","passed","2026-06-29","SauceDemo · Inventory sorting @ui @regression @inventory","ui/saucedemo/inventory.sorting.spec.ts","",""
"","1598","adding products updates the cart badge (composed header component)","ui-chromium","2026-06-29","passed","2026-06-29","SauceDemo · Inventory (authenticated) @ui @smoke","ui/saucedemo/inventory.spec.ts","",""
"","18217","after logout, the catalog is no longer served","ui-firefox","2026-06-29","passed","2026-06-29","SauceDemo · Authenticated session @ui @regression","ui/saucedemo/session.spec.ts","",""
"","8","SauceDemo meets the minimum Lighthouse performance score","performance","2026-06-29","skipped","2026-06-29","Lighthouse · Performance Audit @perf @lighthouse","performance/lighthouse.perf.spec.ts","",""
"","1709","SQLi username payload (drop table) does not bypass auth","ui-webkit","2026-06-29","passed","2026-06-29","SauceDemo · Login security @ui @regression @security","ui/saucedemo/login.security.spec.ts","",""
"","1908","password is not persisted to client storage after login","ui-chromium","2026-06-29","passed","2026-06-29","SauceDemo · Login security @ui @regression @security","ui/saucedemo/login.security.spec.ts","",""
"","3476","overview line items and quantities match the order","ui-webkit","2026-06-29","passed","2026-06-29","SauceDemo · Checkout totals @ui @regression @checkout","ui/saucedemo/checkout.totals.spec.ts","",""
"","33","a post has the expected schema","api","2026-06-29","passed","2026-06-29","JSONPlaceholder · Posts extended @api @regression","api/jsonplaceholder-posts.spec.ts","",""
"","40","FK RESTRICT: cannot delete a department that has employees","db","2026-06-29","passed","2026-06-29","PostgreSQL · Constraints @db","db/advanced.spec.ts","",""
"","3232","each cart line has a quantity of 1","ui-webkit","2026-06-29","passed","2026-06-29","SauceDemo · Cart contents integrity @ui @regression @cart","ui/saucedemo/cart.contents.spec.ts","",""
"","3023","the empty cart shows no items and no badge","ui-firefox","2026-06-29","passed","2026-06-29","SauceDemo · Cart contents integrity @ui @regression @cart","ui/saucedemo/cart.contents.spec.ts","",""
"","35","getPost(75) returns the matching post","api","2026-06-29","passed","2026-06-29","JSONPlaceholder · Posts extended @api @regression","api/jsonplaceholder-posts.spec.ts","",""
"","2758","the product detail page meets colour-contrast requirements","accessibility","2026-06-29","passed","2026-06-29","SauceDemo · Journey · Accessibility @a11y @accessibility @regression","accessibility/saucedemo/journey.a11y.spec.ts","",""
"","2001","ARIA roles, states and properties are valid","accessibility","2026-06-29","passed","2026-06-29","SauceDemo · Login · Accessibility @a11y @accessibility @regression","accessibility/saucedemo/login.a11y.spec.ts","",""
"","2822","adding products updates the cart badge (composed header component)","ui-webkit","2026-06-29","passed","2026-06-29","SauceDemo · Inventory (authenticated) @ui @smoke","ui/saucedemo/inventory.spec.ts","",""
"","1041","network and resource timing are captured","performance","2026-06-29","passed","2026-06-29","SauceDemo · Login · Performance @perf","performance/saucedemo/login.perf.spec.ts","",""
"","7891","whitespace username (trailing spaces) is rejected","ui-firefox","2026-06-29","passed","2026-06-29","SauceDemo · Login negative & boundary inputs @ui @regression @negative","ui/saucedemo/login.negative.spec.ts","",""
"","1188","unicode username (accented latin) is rejected gracefully","ui-chromium","2026-06-29","passed","2026-06-29","SauceDemo · Login negative & boundary inputs @ui @regression @negative","ui/saucedemo/login.negative.spec.ts","",""
"","3722","the submit button is reachable using only the Tab key","accessibility","2026-06-29","passed","2026-06-29","OrangeHRM · Login · Accessibility @a11y @accessibility @regression","accessibility/orangehrm/login.a11y.spec.ts","",""
"","1876","SQLi username payload (or-1=1 comment) does not bypass auth","ui-webkit","2026-06-29","passed","2026-06-29","SauceDemo · Login security @ui @regression @security","ui/saucedemo/login.security.spec.ts","",""
"","1564","sort price low→high orders prices ascending","ui-chromium","2026-06-29","passed","2026-06-29","SauceDemo · Inventory sorting @ui @regression @inventory","ui/saucedemo/inventory.sorting.spec.ts","",""
"","1852","empty (empty password) → ""Password is required""","ui-firefox","2026-06-29","passed","2026-06-29","SauceDemo · Login negative & boundary inputs @ui @regression @negative","ui/saucedemo/login.negative.spec.ts","",""
"","15","findByDepartment returns rows ordered by last name","db","2026-06-29","passed","2026-06-29","PostgreSQL · Employee repository @db","db/repositories.spec.ts","",""
"","3050","cart contents persist across a page refresh","ui-webkit","2026-06-29","passed","2026-06-29","SauceDemo · Cart persistence & navigation @ui @regression @cart","ui/saucedemo/cart.persistence.spec.ts","",""
"","2618","PDP for ""Sauce Labs Bolt T-Shirt"" shows correct details","ui-webkit","2026-06-29","passed","2026-06-29","SauceDemo · PDP per product @ui @regression @inventory","ui/saucedemo/product-details.data.spec.ts","",""
"","7338","dashboard widgets render","ui-chromium","2026-06-29","passed","2026-06-29","OrangeHRM · Dashboard @ui @regression @dashboard","ui/orangehrm/dashboard.spec.ts","",""
"","4453","cart prices match the inventory listing","ui-webkit","2026-06-29","passed","2026-06-29","SauceDemo · Cart contents integrity @ui @regression @cart","ui/saucedemo/cart.contents.spec.ts","",""
"","3673","""Test.allTheThings() T-Shirt (Red)"" can be purchased end-to-end","ui-firefox","2026-06-29","passed","2026-06-29","SauceDemo · Purchase each product @ui @regression @checkout","ui/saucedemo/checkout.data.spec.ts","",""
"","9","findByExternalId returns null for an unsynced id","db","2026-06-29","passed","2026-06-29","PostgreSQL · Product-record repository @db","db/repositories.spec.ts","",""
"","1551","SQLi username payload (boolean tautology) does not bypass auth","ui-chromium","2026-06-29","passed","2026-06-29","SauceDemo · Login security @ui @regression @security","ui/saucedemo/login.security.spec.ts","",""
"","7227","overview totals: subtotal + tax = total (soft assertions)","ui-firefox","2026-06-29","passed","2026-06-29","SauceDemo · Checkout flow @ui @e2e","ui/saucedemo/checkout.spec.ts","",""
"","70","@smoke an exact term returns relevant products","api","2026-06-29","passed","2026-06-29","DummyJSON · Product search @api @regression @search","api/products.search.spec.ts","",""
"","1708","sort price high→low orders prices descending","ui-chromium","2026-06-29","passed","2026-06-29","SauceDemo · Inventory sorting @ui @regression @inventory","ui/saucedemo/inventory.sorting.spec.ts","",""
"","2005","inventory grid renders at tablet (768px)","ui-webkit","2026-06-29","passed","2026-06-29","SauceDemo · Responsive inventory @ui @regression @responsive","ui/saucedemo/responsive.spec.ts","",""
"","1771","PDP for ""Sauce Labs Onesie"" shows correct details","ui-chromium","2026-06-29","passed","2026-06-29","SauceDemo · PDP per product @ui @regression @inventory","ui/saucedemo/product-details.data.spec.ts","",""
"","3629","removing the last item empties the cart","ui-firefox","2026-06-29","passed","2026-06-29","SauceDemo · Cart persistence & navigation @ui @regression @cart","ui/saucedemo/cart.persistence.spec.ts","",""
"","3371","removing one of three items leaves the other two","ui-webkit","2026-06-29","passed","2026-06-29","SauceDemo · Cart contents integrity @ui @regression @cart","ui/saucedemo/cart.contents.spec.ts","",""
"","1212","""Sauce Labs Fleece Jacket"" can be added and removed","ui-chromium","2026-06-29","passed","2026-06-29","SauceDemo · Cart add/remove per product @ui @regression @cart","ui/saucedemo/cart.data.spec.ts","",""
"","6167","@smoke the dashboard header reads ""Dashboard""","ui-chromium","2026-06-29","passed","2026-06-29","OrangeHRM · Dashboard @ui @regression @dashboard","ui/orangehrm/dashboard.spec.ts","",""
"","2439","XSS username payload (img onerror) is neutralised","ui-firefox","2026-06-29","passed","2026-06-29","SauceDemo · Login security @ui @regression @security","ui/saucedemo/login.security.spec.ts","",""
"","62","a SQLi payload in the query is handled safely","api","2026-06-29","passed","2026-06-29","DummyJSON · Product search @api @regression @search","api/products.search.spec.ts","",""
"","3319","@smoke completes a single-item purchase end-to-end","ui-webkit","2026-06-29","passed","2026-06-29","SauceDemo · Checkout flow @ui @e2e","ui/saucedemo/checkout.spec.ts","",""
"","1666","whitespace username (leading spaces) is rejected","ui-firefox","2026-06-29","passed","2026-06-29","SauceDemo · Login negative & boundary inputs @ui @regression @negative","ui/saucedemo/login.negative.spec.ts","",""
"","34","get a single post by id","api","2026-06-29","passed","2026-06-29","JSONPlaceholder · Post API @api","api/posts.spec.ts","",""
"","63","special characters are handled without a server error","api","2026-06-29","passed","2026-06-29","DummyJSON · Product search @api @regression @search","api/products.search.spec.ts","",""
"","1670","XSS username payload (img onerror) is neutralised","ui-webkit","2026-06-29","passed","2026-06-29","SauceDemo · Login security @ui @regression @security","ui/saucedemo/login.security.spec.ts","",""
"","1706","PDP for ""Sauce Labs Bolt T-Shirt"" matches its listing","ui-chromium","2026-06-29","passed","2026-06-29","SauceDemo · Product Detail Page @ui @regression @inventory","ui/saucedemo/product-details.spec.ts","",""
"","83","token endpoint responds within SLA (warm)","api","2026-06-29","passed","2026-06-29","Restful-Booker · Auth API @api @regression @authentication","api/auth.spec.ts","",""
"","2074","the product detail page matches the baseline","visual","2026-06-29","passed","2026-06-29","SauceDemo · Journey screens · Visual (authenticated) @visual @regression","visual/saucedemo/journey.visual.spec.ts","",""
"","10022","inventory grid renders at desktop (1440px)","ui-firefox","2026-06-29","passed","2026-06-29","SauceDemo · Responsive inventory @ui @regression @responsive","ui/saucedemo/responsive.spec.ts","",""
"","775","reads product from API, syncs to DB, verifies consistency","e2e","2026-06-29","passed","2026-06-29","E2E · API → DB product sync @e2e","e2e/api-to-db-sync.e2e.spec.ts","",""
"","143","getPost(100) returns the matching post","api","2026-06-29","passed","2026-06-29","JSONPlaceholder · Posts extended @api @regression","api/jsonplaceholder-posts.spec.ts","",""
"","1565","whitespace username (trailing spaces) is rejected","ui-webkit","2026-06-29","passed","2026-06-29","SauceDemo · Login negative & boundary inputs @ui @regression @negative","ui/saucedemo/login.negative.spec.ts","",""
"","86","@smoke valid credentials issue a token","api","2026-06-29","passed","2026-06-29","Restful-Booker · Auth API @api @regression @authentication","api/auth.spec.ts","",""
"","2279","password is not persisted to client storage after login","ui-webkit","2026-06-29","passed","2026-06-29","SauceDemo · Login security @ui @regression @security","ui/saucedemo/login.security.spec.ts","",""
"","32","@smoke lists posts","api","2026-06-29","passed","2026-06-29","JSONPlaceholder · Post API @api","api/posts.spec.ts","",""
"","3294","tax is 8% of the subtotal","ui-firefox","2026-06-29","passed","2026-06-29","SauceDemo · Checkout totals @ui @regression @checkout","ui/saucedemo/checkout.totals.spec.ts","",""
"","69","deleting a post returns 200","api","2026-06-29","passed","2026-06-29","JSONPlaceholder · Posts extended @api @regression","api/jsonplaceholder-posts.spec.ts","",""
"","70","product ratings fall within the 0–5 range","api","2026-06-29","passed","2026-06-29","DummyJSON · Product catalog integrity @api @regression @inventory","api/products.extended.spec.ts","",""
"","1518","the login error state matches the baseline","visual","2026-06-29","passed","2026-06-29","SauceDemo · Login error · Visual (logged-out) @visual @regression","visual/saucedemo/journey.visual.spec.ts","",""
"","8","count increases by one after an insert","db","2026-06-29","passed","2026-06-29","PostgreSQL · Department repository @db","db/repositories.spec.ts","",""
"","2744","checkout form controls are programmatically labelled","accessibility","2026-06-29","passed","2026-06-29","SauceDemo · Cart & Checkout · Accessibility @a11y @accessibility @regression","accessibility/saucedemo/cart.a11y.spec.ts","",""
"","369","NOT NULL: missing email is rejected","db","2026-06-29","passed","2026-06-29","PostgreSQL · Constraints @db","db/advanced.spec.ts","",""
"","2093","unicode username (cjk) is rejected gracefully","ui-webkit","2026-06-29","passed","2026-06-29","SauceDemo · Login negative & boundary inputs @ui @regression @negative","ui/saucedemo/login.negative.spec.ts","",""
"","76","product list responds within SLA","api","2026-06-29","passed","2026-06-29","Response-time SLA @api @perf","api/sla-and-sorting.spec.ts","",""
"","5088","PDP for ""Sauce Labs Backpack"" shows correct details","ui-firefox","2026-06-29","passed","2026-06-29","SauceDemo · PDP per product @ui @regression @inventory","ui/saucedemo/product-details.data.spec.ts","",""
"","1251","""Sauce Labs Bike Light"" can be added and removed","ui-chromium","2026-06-29","passed","2026-06-29","SauceDemo · Cart add/remove per product @ui @regression @cart","ui/saucedemo/cart.data.spec.ts","",""
"","4457","overview line items and quantities match the order","ui-firefox","2026-06-29","passed","2026-06-29","SauceDemo · Checkout totals @ui @regression @checkout","ui/saucedemo/checkout.totals.spec.ts","",""
"","4895","@smoke employee grid renders rows (Table component)","ui-chromium","2026-06-29","passed","2026-06-29","OrangeHRM · PIM employee grid @ui @regression","ui/orangehrm/pim.spec.ts","",""
"","4936","saving with an empty first name is blocked","ui-chromium","2026-06-29","passed","2026-06-29","OrangeHRM · Add Employee form @ui @regression @forms","ui/orangehrm/add-employee.spec.ts","",""
"","1747","unicode username (rtl arabic) is rejected gracefully","ui-webkit","2026-06-29","passed","2026-06-29","SauceDemo · Login negative & boundary inputs @ui @regression @negative","ui/saucedemo/login.negative.spec.ts","",""
"","147","ascending and descending title sorts change the ordering","api","2026-06-29","passed","2026-06-29","DummyJSON · Products extended @api @regression","api/dummyjson-extended.spec.ts","",""
"","3833","valid login succeeds after a failed attempt","ui-firefox","2026-06-29","passed","2026-06-29","SauceDemo · Login negative & boundary inputs @ui @regression @negative","ui/saucedemo/login.negative.spec.ts","",""
"","1467","cart navigation timing is captured","performance","2026-06-29","passed","2026-06-29","SauceDemo · Cart · Performance @perf","performance/saucedemo/cart.perf.spec.ts","",""
"","1631","XSS username payload (attribute breakout) is neutralised","ui-chromium","2026-06-29","passed","2026-06-29","SauceDemo · Login security @ui @regression @security","ui/saucedemo/login.security.spec.ts","",""
"","3868","""Sauce Labs Onesie"" can be added and removed","ui-firefox","2026-06-29","passed","2026-06-29","SauceDemo · Cart add/remove per product @ui @regression @cart","ui/saucedemo/cart.data.spec.ts","",""
"","3915","a multi-item order completes successfully","ui-webkit","2026-06-29","passed","2026-06-29","SauceDemo · Checkout flow (extended) @ui @regression @checkout","ui/saucedemo/checkout.flow-extended.spec.ts","",""
"","1517","shows the full product catalog","ui-chromium","2026-06-29","passed","2026-06-29","SauceDemo · Inventory (authenticated) @ui @smoke","ui/saucedemo/inventory.spec.ts","",""
"","59","@smoke health check responds","api","2026-06-29","passed","2026-06-29","Restful-Booker · Booking API @api","api/booking.spec.ts","",""
"","1751","whitespace username (spaces only) is rejected","ui-webkit","2026-06-29","passed","2026-06-29","SauceDemo · Login negative & boundary inputs @ui @regression @negative","ui/saucedemo/login.negative.spec.ts","",""
"","0","@smoke lists users with pagination metadata","api","2026-06-29","skipped","2026-06-29","ReqRes · User API @api","api/users.spec.ts","",""
"","2216","sort price low→high orders prices ascending","ui-webkit","2026-06-29","passed","2026-06-29","SauceDemo · Inventory sorting @ui @regression @inventory","ui/saucedemo/inventory.sorting.spec.ts","",""
"","1461","inventory grid renders at tablet (768px)","ui-chromium","2026-06-29","passed","2026-06-29","SauceDemo · Responsive inventory @ui @regression @responsive","ui/saucedemo/responsive.spec.ts","",""
"","1753","XSS username payload (javascript: uri) is neutralised","ui-webkit","2026-06-29","passed","2026-06-29","SauceDemo · Login security @ui @regression @security","ui/saucedemo/login.security.spec.ts","",""
"","8038","@smoke completes a single-item purchase end-to-end","ui-firefox","2026-06-29","passed","2026-06-29","SauceDemo · Checkout flow @ui @e2e","ui/saucedemo/checkout.spec.ts","",""
"","3940","add to cart from the PDP updates the badge","ui-firefox","2026-06-29","passed","2026-06-29","SauceDemo · Product Detail Page @ui @regression @inventory","ui/saucedemo/product-details.spec.ts","",""
"","10821","Admin can open the PIM module","ui-chromium","2026-06-29","passed","2026-06-29","OrangeHRM · Authorization — Admin privileges @ui @regression @authorization","ui/orangehrm/authorization.spec.ts","",""
"","3543","cart survives visiting a product page and returning","ui-firefox","2026-06-29","passed","2026-06-29","SauceDemo · Cart persistence & navigation @ui @regression @cart","ui/saucedemo/cart.persistence.spec.ts","",""
"","159","listing booking ids returns a non-empty array","api","2026-06-29","passed","2026-06-29","Restful-Booker · Booking extended @api @regression @booking","api/booking-extended.spec.ts","",""
"","7274","every first-name cell on the page is non-empty","ui-chromium","2026-06-29","passed","2026-06-29","OrangeHRM · PIM data grid @ui @regression @tables","ui/orangehrm/pim-table.spec.ts","",""
"","5346","a multi-item order completes successfully","ui-firefox","2026-06-29","passed","2026-06-29","SauceDemo · Checkout flow (extended) @ui @regression @checkout","ui/saucedemo/checkout.flow-extended.spec.ts","",""
"","1861","adding all six products sets the badge to 6","ui-chromium","2026-06-29","passed","2026-06-29","SauceDemo · Inventory cart interactions @ui @regression @inventory","ui/saucedemo/inventory.cart.spec.ts","",""
"","1520","empty (empty username) → ""Username is required""","ui-webkit","2026-06-29","passed","2026-06-29","SauceDemo · Login negative & boundary inputs @ui @regression @negative","ui/saucedemo/login.negative.spec.ts","",""
"","16363","protected catalog is blocked without a session","ui-webkit","2026-06-29","passed","2026-06-29","SauceDemo · Unauthenticated protection @ui @regression @negative","ui/saucedemo/session.spec.ts","",""
"","3","database config has a sane port","api","2026-06-29","passed","2026-06-29","Configuration facade @smoke","api/config.spec.ts","",""
"","2888","every product price is $0.00 formatted","ui-firefox","2026-06-29","passed","2026-06-29","SauceDemo · Catalog integrity @ui @regression @inventory","ui/saucedemo/inventory.catalog.spec.ts","",""
"","10305","SQLi payload does not bypass authentication","ui-chromium","2026-06-29","passed","2026-06-29","OrangeHRM · Login negative @ui @regression @negative","ui/orangehrm/login.negative.spec.ts","",""
"","4948","PIM deep-link without a session redirects to login","ui-chromium","2026-06-29","passed","2026-06-29","OrangeHRM · Authorization — route protection @ui @regression @authorization @negative","ui/orangehrm/authorization.spec.ts","",""
"","2817","session persists across a page refresh","ui-webkit","2026-06-29","passed","2026-06-29","SauceDemo · Authenticated session @ui @regression","ui/saucedemo/session.spec.ts","",""
"","1242","""Sauce Labs Onesie"" can be added and removed","ui-chromium","2026-06-29","passed","2026-06-29","SauceDemo · Cart add/remove per product @ui @regression @cart","ui/saucedemo/cart.data.spec.ts","",""
"","3","capture buffer collects logs tagged with the active correlation id","api","2026-06-29","passed","2026-06-29","Logging · correlation & capture @smoke","api/logging.spec.ts","",""
"","3930","checkout (step one) deep-link without a session is not served","ui-firefox","2026-06-29","passed","2026-06-29","SauceDemo · Authorization — protected routes @ui @regression @authorization @negative","ui/saucedemo/authorization.spec.ts","",""
"","1291","invalid password is rejected","ui-chromium","2026-06-29","passed","2026-06-29","SauceDemo · Login @ui @regression","ui/saucedemo/login.spec.ts","",""
"","3012","only the first name filled stops at the last-name requirement","ui-webkit","2026-06-29","passed","2026-06-29","SauceDemo · Checkout validation @ui @regression @negative @checkout","ui/saucedemo/checkout.validation.spec.ts","",""
"","0","updates a user (PUT 200)","api","2026-06-29","skipped","2026-06-29","ReqRes · User API @api","api/users.spec.ts","",""
"","997","@smoke login screen loads within budget","performance","2026-06-29","passed","2026-06-29","SauceDemo · Login · Performance @perf","performance/saucedemo/login.perf.spec.ts","",""
"","2508","the order confirmation page matches the baseline","visual","2026-06-29","passed","2026-06-29","SauceDemo · Journey screens · Visual (authenticated) @visual @regression","visual/saucedemo/journey.visual.spec.ts","",""
"","2280","standard_user → success","ui-webkit","2026-06-29","passed","2026-06-29","SauceDemo · Data-driven login @ui @regression","ui/saucedemo/login.data-driven.spec.ts","",""
"","3976","cancel from the overview returns to the inventory","ui-webkit","2026-06-29","passed","2026-06-29","SauceDemo · Checkout flow (extended) @ui @regression @checkout","ui/saucedemo/checkout.flow-extended.spec.ts","",""
"","61","insert → findByEmail → delete (CRUD, parameterized)","db","2026-06-29","passed","2026-06-29","PostgreSQL · Employee repository @db","db/employee.spec.ts","",""
"","2968","cart lists items in the order they were added","ui-webkit","2026-06-29","passed","2026-06-29","SauceDemo · Cart contents integrity @ui @regression @cart","ui/saucedemo/cart.contents.spec.ts","",""
"","2545","every product image has a resolvable src","ui-firefox","2026-06-29","passed","2026-06-29","SauceDemo · Catalog integrity @ui @regression @inventory","ui/saucedemo/inventory.catalog.spec.ts","",""
"","1378","XSS username payload (svg onload) is neutralised","ui-chromium","2026-06-29","passed","2026-06-29","SauceDemo · Login security @ui @regression @security","ui/saucedemo/login.security.spec.ts","",""
"","2741","SQLi username payload (drop table) does not bypass auth","ui-firefox","2026-06-29","passed","2026-06-29","SauceDemo · Login security @ui @regression @security","ui/saucedemo/login.security.spec.ts","",""
"","9801","the Quick Launch widget is present","ui-chromium","2026-06-29","passed","2026-06-29","OrangeHRM · Dashboard @ui @regression @dashboard","ui/orangehrm/dashboard.spec.ts","",""
"","78","a no-match term returns an empty result set","api","2026-06-29","passed","2026-06-29","DummyJSON · Product search @api @regression @search","api/products.search.spec.ts","",""
"","1879","no images are missing alternative text","accessibility","2026-06-29","passed","2026-06-29","SauceDemo · Login · Accessibility @a11y @accessibility @regression","accessibility/saucedemo/login.a11y.spec.ts","",""
"","3440","missing postal code → ""Postal Code is required""","ui-firefox","2026-06-29","passed","2026-06-29","SauceDemo · Checkout validation @ui @regression @negative @checkout","ui/saucedemo/checkout.validation.spec.ts","",""
"","20","UNIQUE: duplicate email is rejected","db","2026-06-29","passed","2026-06-29","PostgreSQL · Constraints @db","db/advanced.spec.ts","",""
"","13276","invalid credentials are rejected","ui-chromium","2026-06-29","passed","2026-06-29","OrangeHRM · Login @ui @regression","ui/orangehrm/login.spec.ts","",""
"","2532","shows the full product catalog","ui-firefox","2026-06-29","passed","2026-06-29","SauceDemo · Inventory (authenticated) @ui @smoke","ui/saucedemo/inventory.spec.ts","",""
"","3604","XSS name payload (svg onload) is treated as inert text","ui-firefox","2026-06-29","passed","2026-06-29","SauceDemo · Checkout input security @ui @regression @security @checkout","ui/saucedemo/checkout.security.spec.ts","",""
"","2413","login error banner can be dismissed","ui-firefox","2026-06-29","passed","2026-06-29","SauceDemo · Login negative & boundary inputs @ui @regression @negative","ui/saucedemo/login.negative.spec.ts","",""
"","3272","""Sauce Labs Onesie"" can be purchased end-to-end","ui-webkit","2026-06-29","passed","2026-06-29","SauceDemo · Purchase each product @ui @regression @checkout","ui/saucedemo/checkout.data.spec.ts","",""
"","3257","login renders and works at mobile portrait (375px)","ui-firefox","2026-06-29","passed","2026-06-29","SauceDemo · Responsive login @ui @regression @responsive","ui/saucedemo/responsive.spec.ts","",""
"","56","negative: get non-existent booking returns 404","api","2026-06-29","passed","2026-06-29","Restful-Booker · Booking API @api","api/booking.spec.ts","",""
"","1524","""Sauce Labs Backpack"" can be purchased end-to-end","ui-chromium","2026-06-29","passed","2026-06-29","SauceDemo · Purchase each product @ui @regression @checkout","ui/saucedemo/checkout.data.spec.ts","",""
"","2364","every product has a non-empty name","ui-webkit","2026-06-29","passed","2026-06-29","SauceDemo · Catalog integrity @ui @regression @inventory","ui/saucedemo/inventory.catalog.spec.ts","",""
"","7487","performance_glitch_user → success","ui-chromium","2026-06-29","passed","2026-06-29","SauceDemo · Data-driven login @ui @regression","ui/saucedemo/login.data-driven.spec.ts","",""
"","73","search filters by term","api","2026-06-29","passed","2026-06-29","DummyJSON · Product API @api","api/products.spec.ts","",""
"","2172","shows the full product catalog","ui-webkit","2026-06-29","passed","2026-06-29","SauceDemo · Inventory (authenticated) @ui @smoke","ui/saucedemo/inventory.spec.ts","",""
"","1993","session persists across a page refresh","ui-chromium","2026-06-29","passed","2026-06-29","SauceDemo · Authenticated session @ui @regression","ui/saucedemo/session.spec.ts","",""
"","3473","each cart line has a quantity of 1","ui-firefox","2026-06-29","passed","2026-06-29","SauceDemo · Cart contents integrity @ui @regression @cart","ui/saucedemo/cart.contents.spec.ts","",""
"","3025","payment and shipping information are shown on the overview","ui-webkit","2026-06-29","passed","2026-06-29","SauceDemo · Checkout flow (extended) @ui @regression @checkout","ui/saucedemo/checkout.flow-extended.spec.ts","",""
"","60","@smoke the health ping reports the service is up","api","2026-06-29","passed","2026-06-29","Restful-Booker · Booking extended @api @regression @booking","api/booking-extended.spec.ts","",""
"","1795","@smoke standard_user logs in and reaches the inventory","ui-chromium","2026-06-29","passed","2026-06-29","SauceDemo · Login @ui @regression","ui/saucedemo/login.spec.ts","",""
"","3665","default sort is name A→Z","ui-firefox","2026-06-29","passed","2026-06-29","SauceDemo · Inventory sorting @ui @regression @inventory","ui/saucedemo/inventory.sorting.spec.ts","",""
"","5983","cart prices match the inventory listing","ui-firefox","2026-06-29","passed","2026-06-29","SauceDemo · Cart contents integrity @ui @regression @cart","ui/saucedemo/cart.contents.spec.ts","",""
"","1646","sorts products by price low → high","ui-chromium","2026-06-29","passed","2026-06-29","SauceDemo · Inventory (authenticated) @ui @smoke","ui/saucedemo/inventory.spec.ts","",""
"","3048","tab order flows username → password","ui-firefox","2026-06-29","passed","2026-06-29","SauceDemo · Login keyboard accessibility @ui @regression @a11y","ui/saucedemo/login.keyboard.spec.ts","",""
"","3188","unicode username (emoji) is rejected gracefully","ui-firefox","2026-06-29","passed","2026-06-29","SauceDemo · Login negative & boundary inputs @ui @regression @negative","ui/saucedemo/login.negative.spec.ts","",""
"","68","creating a post returns 201 with an id","api","2026-06-29","passed","2026-06-29","JSONPlaceholder · Posts extended @api @regression","api/jsonplaceholder-posts.spec.ts","",""
"","11288","Admin can open User Management (Admin module)","ui-chromium","2026-06-29","passed","2026-06-29","OrangeHRM · Authorization — Admin privileges @ui @regression @authorization","ui/orangehrm/authorization.spec.ts","",""
"","2352","every product price is positive","ui-webkit","2026-06-29","passed","2026-06-29","SauceDemo · Catalog integrity @ui @regression @inventory","ui/saucedemo/inventory.catalog.spec.ts","",""
"","2877","the empty cart shows no items and no badge","ui-webkit","2026-06-29","passed","2026-06-29","SauceDemo · Cart contents integrity @ui @regression @cart","ui/saucedemo/cart.contents.spec.ts","",""
"","2513","XSS username payload (svg onload) is neutralised","ui-firefox","2026-06-29","passed","2026-06-29","SauceDemo · Login security @ui @regression @security","ui/saucedemo/login.security.spec.ts","",""
"","1880","locked_out_user is rejected with an error","ui-webkit","2026-06-29","passed","2026-06-29","SauceDemo · Login @ui @regression","ui/saucedemo/login.spec.ts","",""
"","1122","empty (both empty) → ""Username is required""","ui-chromium","2026-06-29","passed","2026-06-29","SauceDemo · Login negative & boundary inputs @ui @regression @negative","ui/saucedemo/login.negative.spec.ts","",""
"","98","invalid credentials are not granted a token","api","2026-06-29","passed","2026-06-29","Restful-Booker · Auth API @api @regression @authentication","api/auth.spec.ts","",""
"","2869","every product has a non-empty description","ui-firefox","2026-06-29","passed","2026-06-29","SauceDemo · Catalog integrity @ui @regression @inventory","ui/saucedemo/inventory.catalog.spec.ts","",""
"","2940","@smoke inventory is compliant apart from triaged waivers","accessibility","2026-06-29","passed","2026-06-29","SauceDemo · Inventory · Accessibility @a11y @accessibility @regression","accessibility/saucedemo/inventory.a11y.spec.ts","",""
"","1704","unicode username (accented latin) is rejected gracefully","ui-webkit","2026-06-29","passed","2026-06-29","SauceDemo · Login negative & boundary inputs @ui @regression @negative","ui/saucedemo/login.negative.spec.ts","",""
"","2972","checkout from the cart opens checkout step one","ui-webkit","2026-06-29","passed","2026-06-29","SauceDemo · Cart persistence & navigation @ui @regression @cart","ui/saucedemo/cart.persistence.spec.ts","",""
"","1786","invalid password is rejected","ui-firefox","2026-06-29","passed","2026-06-29","SauceDemo · Login @ui @regression","ui/saucedemo/login.spec.ts","",""
"","69","products sorted by price ascending","api","2026-06-29","passed","2026-06-29","Server-side sorting @api","api/sla-and-sorting.spec.ts","",""
"","2381","XSS username payload (attribute breakout) is neutralised","ui-firefox","2026-06-29","passed","2026-06-29","SauceDemo · Login security @ui @regression @security","ui/saucedemo/login.security.spec.ts","",""
"","9566","a saved employee is searchable in the PIM list","ui-chromium","2026-06-29","passed","2026-06-29","OrangeHRM · Add Employee form @ui @regression @forms","ui/orangehrm/add-employee.spec.ts","",""
"","19","@smoke seed data is present","db","2026-06-29","passed","2026-06-29","PostgreSQL · Employee repository @db","db/employee.spec.ts","",""
"","2037","password is not persisted to client storage after login","ui-firefox","2026-06-29","passed","2026-06-29","SauceDemo · Login security @ui @regression @security","ui/saucedemo/login.security.spec.ts","",""
"","66","@smoke a booking can be created without a token (open endpoint)","api","2026-06-29","passed","2026-06-29","Restful-Booker · Authorization @api @regression @authorization @security","api/authorization.spec.ts","",""
"","1950","resource timing breaks payload down by type","performance","2026-06-29","passed","2026-06-29","SauceDemo · Inventory · Performance @perf","performance/saucedemo/inventory.perf.spec.ts","",""
"","1048","whitespace username (trailing spaces) is rejected","ui-chromium","2026-06-29","passed","2026-06-29","SauceDemo · Login negative & boundary inputs @ui @regression @negative","ui/saucedemo/login.negative.spec.ts","",""
"","902","tab order flows username → password","ui-chromium","2026-06-29","passed","2026-06-29","SauceDemo · Login keyboard accessibility @ui @regression @a11y","ui/saucedemo/login.keyboard.spec.ts","",""
"","65","delete a post (200)","api","2026-06-29","passed","2026-06-29","JSONPlaceholder · Post API @api","api/posts.spec.ts","",""
"","4159","SQLi username payload (boolean tautology) does not bypass auth","ui-firefox","2026-06-29","passed","2026-06-29","SauceDemo · Login security @ui @regression @security","ui/saucedemo/login.security.spec.ts","",""
"","966","each cart line has a quantity of 1","ui-chromium","2026-06-29","passed","2026-06-29","SauceDemo · Cart contents integrity @ui @regression @cart","ui/saucedemo/cart.contents.spec.ts","",""
"","1506","standard_user → success","ui-chromium","2026-06-29","passed","2026-06-29","SauceDemo · Data-driven login @ui @regression","ui/saucedemo/login.data-driven.spec.ts","",""
"","1735","completing an order shows confirmation and empties the cart","ui-chromium","2026-06-29","passed","2026-06-29","SauceDemo · Checkout flow (extended) @ui @regression @checkout","ui/saucedemo/checkout.flow-extended.spec.ts","",""
"","1452","every product image has a resolvable src","ui-chromium","2026-06-29","passed","2026-06-29","SauceDemo · Catalog integrity @ui @regression @inventory","ui/saucedemo/inventory.catalog.spec.ts","",""
"","2468","PDP for ""Sauce Labs Backpack"" shows correct details","ui-webkit","2026-06-29","passed","2026-06-29","SauceDemo · PDP per product @ui @regression @inventory","ui/saucedemo/product-details.data.spec.ts","",""
"","1412","add toggles the card button to ""Remove""","ui-chromium","2026-06-29","passed","2026-06-29","SauceDemo · Inventory cart interactions @ui @regression @inventory","ui/saucedemo/inventory.cart.spec.ts","",""
"","1528","unicode username (rtl arabic) is rejected gracefully","ui-chromium","2026-06-29","passed","2026-06-29","SauceDemo · Login negative & boundary inputs @ui @regression @negative","ui/saucedemo/login.negative.spec.ts","",""
"","11","email looks like an email; int respects bounds","api","2026-06-29","passed","2026-06-29","Random utils @smoke","api/utils.spec.ts","",""
"","1699","sort name Z→A orders names descending","ui-chromium","2026-06-29","passed","2026-06-29","SauceDemo · Inventory sorting @ui @regression @inventory","ui/saucedemo/inventory.sorting.spec.ts","",""
"","6635","missing postal code is rejected","ui-firefox","2026-06-29","passed","2026-06-29","SauceDemo · Checkout flow @ui @e2e","ui/saucedemo/checkout.spec.ts","",""
"","1579","whitespace username (leading spaces) is rejected","ui-webkit","2026-06-29","passed","2026-06-29","SauceDemo · Login negative & boundary inputs @ui @regression @negative","ui/saucedemo/login.negative.spec.ts","",""
"","2043","a keyboard-only user can sign in","ui-webkit","2026-06-29","passed","2026-06-29","SauceDemo · Login keyboard accessibility @ui @regression @a11y","ui/saucedemo/login.keyboard.spec.ts","",""
"","28","4 · terminate (delete) & verify gone","e2e","2026-06-29","passed","2026-06-29","E2E · Employee lifecycle @e2e @db","e2e/employee-lifecycle.e2e.spec.ts","",""
"","59","GET /booking/far-out-of-range → not found","api","2026-06-29","passed","2026-06-29","Negative · Restful-Booker @api @negative","api/negative-boundary.spec.ts","",""
"","1157","empty (empty username) → ""Username is required""","ui-chromium","2026-06-29","passed","2026-06-29","SauceDemo · Login negative & boundary inputs @ui @regression @negative","ui/saucedemo/login.negative.spec.ts","",""
"","2926","checkout (step one) deep-link without a session is not served","ui-webkit","2026-06-29","passed","2026-06-29","SauceDemo · Authorization — protected routes @ui @regression @authorization @negative","ui/saucedemo/authorization.spec.ts","",""
"","2053","@smoke login screen has no WCAG 2.1 A/AA violations","accessibility","2026-06-29","passed","2026-06-29","SauceDemo · Login · Accessibility @a11y @accessibility @regression","accessibility/saucedemo/login.a11y.spec.ts","",""
"","138","updating a post returns 200 with the new values","api","2026-06-29","passed","2026-06-29","JSONPlaceholder · Posts extended @api @regression","api/jsonplaceholder-posts.spec.ts","",""
"","7514","performance_glitch_user → success","ui-webkit","2026-06-29","passed","2026-06-29","SauceDemo · Data-driven login @ui @regression","ui/saucedemo/login.data-driven.spec.ts","",""
"","38","getPost(50) returns the matching post","api","2026-06-29","passed","2026-06-29","JSONPlaceholder · Posts extended @api @regression","api/jsonplaceholder-posts.spec.ts","",""
"","114","delete without a token is forbidden (403)","api","2026-06-29","passed","2026-06-29","Restful-Booker · Authorization @api @regression @authorization @security","api/authorization.spec.ts","",""
"","3718","continue shopping preserves the cart contents","ui-firefox","2026-06-29","passed","2026-06-29","SauceDemo · Cart persistence & navigation @ui @regression @cart","ui/saucedemo/cart.persistence.spec.ts","",""
"","59","a created booking echoes its payload and a new id","api","2026-06-29","passed","2026-06-29","Restful-Booker · Booking extended @api @regression @booking","api/booking-extended.spec.ts","",""
"","10","insert then findByEmail returns the persisted row","db","2026-06-29","passed","2026-06-29","PostgreSQL · Employee repository @db","db/repositories.spec.ts","",""
"","3424","checkout from the cart opens checkout step one","ui-firefox","2026-06-29","passed","2026-06-29","SauceDemo · Cart persistence & navigation @ui @regression @cart","ui/saucedemo/cart.persistence.spec.ts","",""
"","1776","Reset App State clears the cart badge","ui-chromium","2026-06-29","passed","2026-06-29","SauceDemo · Inventory cart interactions @ui @regression @inventory","ui/saucedemo/inventory.cart.spec.ts","",""
"","1307","every product has a non-empty description","ui-chromium","2026-06-29","passed","2026-06-29","SauceDemo · Catalog integrity @ui @regression @inventory","ui/saucedemo/inventory.catalog.spec.ts","",""
"","34","gets a single product by id","api","2026-06-29","passed","2026-06-29","DummyJSON · Product API @api","api/products.spec.ts","",""
"","3663","missing last name → ""Last Name is required""","ui-firefox","2026-06-29","passed","2026-06-29","SauceDemo · Checkout validation @ui @regression @negative @checkout","ui/saucedemo/checkout.validation.spec.ts","",""
"","7211","dashboard deep-link without a session redirects to login","ui-chromium","2026-06-29","passed","2026-06-29","OrangeHRM · Authorization — route protection @ui @regression @authorization @negative","ui/orangehrm/authorization.spec.ts","",""
"","4068","back to products returns to the inventory","ui-firefox","2026-06-29","passed","2026-06-29","SauceDemo · Product Detail Page @ui @regression @inventory","ui/saucedemo/product-details.spec.ts","",""
"","3812","unicode names are accepted","ui-firefox","2026-06-29","passed","2026-06-29","SauceDemo · Checkout input security @ui @regression @security @checkout","ui/saucedemo/checkout.security.spec.ts","",""
"","2427","every product price is $0.00 formatted","ui-webkit","2026-06-29","passed","2026-06-29","SauceDemo · Catalog integrity @ui @regression @inventory","ui/saucedemo/inventory.catalog.spec.ts","",""
"","3318","tax is 8% of the subtotal","ui-webkit","2026-06-29","passed","2026-06-29","SauceDemo · Checkout totals @ui @regression @checkout","ui/saucedemo/checkout.totals.spec.ts","",""
"","4970","the scanner detects the known serious violations","accessibility","2026-06-29","passed","2026-06-29","OrangeHRM · Login · Accessibility @a11y @accessibility @regression","accessibility/orangehrm/login.a11y.spec.ts","",""
"","2949","a keyboard-only user can sign in","ui-firefox","2026-06-29","passed","2026-06-29","SauceDemo · Login keyboard accessibility @ui @regression @a11y","ui/saucedemo/login.keyboard.spec.ts","",""
"","2623","add to cart from the PDP updates the badge","ui-webkit","2026-06-29","passed","2026-06-29","SauceDemo · Product Detail Page @ui @regression @inventory","ui/saucedemo/product-details.spec.ts","",""
"","87","5 · partial update (PATCH) & verify","e2e","2026-06-29","passed","2026-06-29","E2E · Booking lifecycle @e2e @api","e2e/booking-lifecycle.e2e.spec.ts","",""
"","18","updateSalary persists the new value","db","2026-06-29","passed","2026-06-29","PostgreSQL · Employee repository @db","db/employee.spec.ts","",""
"","2495","text meets the WCAG AA colour-contrast ratio","accessibility","2026-06-29","passed","2026-06-29","SauceDemo · Inventory · Accessibility @a11y @accessibility @regression","accessibility/saucedemo/inventory.a11y.spec.ts","",""
"","15","upsert inserts a new product then finds it","db","2026-06-29","passed","2026-06-29","PostgreSQL · Product-record repository @db","db/repositories.spec.ts","",""
"","2416","every product image has a resolvable src","ui-webkit","2026-06-29","passed","2026-06-29","SauceDemo · Catalog integrity @ui @regression @inventory","ui/saucedemo/inventory.catalog.spec.ts","",""
"","68","@smoke paginates with limit & skip","api","2026-06-29","passed","2026-06-29","DummyJSON · Product API @api","api/products.spec.ts","",""
"","2953","XSS name payload (svg onload) is treated as inert text","ui-webkit","2026-06-29","passed","2026-06-29","SauceDemo · Checkout input security @ui @regression @security @checkout","ui/saucedemo/checkout.security.spec.ts","",""
"","62","getById(5) returns the matching product","api","2026-06-29","passed","2026-06-29","DummyJSON · Products extended @api @regression","api/dummyjson-extended.spec.ts","",""
"","8355","empty (both empty) → ""Username is required""","ui-firefox","2026-06-29","passed","2026-06-29","SauceDemo · Login negative & boundary inputs @ui @regression @negative","ui/saucedemo/login.negative.spec.ts","",""
"","1705","the checkout information page matches the baseline","visual","2026-06-29","passed","2026-06-29","SauceDemo · Cart & Checkout · Visual @visual @regression","visual/saucedemo/cart.visual.spec.ts","",""
"","6","sha256 is deterministic; maskSecret hides middle","api","2026-06-29","passed","2026-06-29","Crypto utils @smoke","api/utils.spec.ts","",""
"","2423","standard_user → success","ui-firefox","2026-06-29","passed","2026-06-29","SauceDemo · Data-driven login @ui @regression","ui/saucedemo/login.data-driven.spec.ts","",""
"","35","post list responds within SLA","api","2026-06-29","passed","2026-06-29","Response-time SLA @api @perf","api/sla-and-sorting.spec.ts","",""
"","1904","unicode names are accepted","ui-chromium","2026-06-29","passed","2026-06-29","SauceDemo · Checkout input security @ui @regression @security @checkout","ui/saucedemo/checkout.security.spec.ts","",""
"","4","constants are wired (enums + timeouts)","api","2026-06-29","passed","2026-06-29","Configuration facade @smoke","api/config.spec.ts","",""
"","2549","login renders and works at desktop (1440px)","ui-firefox","2026-06-29","passed","2026-06-29","SauceDemo · Responsive login @ui @regression @responsive","ui/saucedemo/responsive.spec.ts","",""
"","134","encrypt → decrypt round-trips","api","2026-06-29","passed","2026-06-29","Crypto utils @smoke","api/utils.spec.ts","",""
"","27","pollUntil resolves when predicate becomes true","api","2026-06-29","passed","2026-06-29","Async utils @smoke","api/utils.spec.ts","",""
"","3056","XSS name payload (script tag) is treated as inert text","ui-webkit","2026-06-29","passed","2026-06-29","SauceDemo · Checkout input security @ui @regression @security @checkout","ui/saucedemo/checkout.security.spec.ts","",""
"","1793","SQLi username payload (boolean tautology) does not bypass auth","ui-webkit","2026-06-29","passed","2026-06-29","SauceDemo · Login security @ui @regression @security","ui/saucedemo/login.security.spec.ts","",""
"","2373","XSS username payload (script tag) is neutralised","ui-firefox","2026-06-29","passed","2026-06-29","SauceDemo · Login security @ui @regression @security","ui/saucedemo/login.security.spec.ts","",""
"","2005","SQLi payload in the postal code is handled safely","ui-chromium","2026-06-29","passed","2026-06-29","SauceDemo · Checkout input security @ui @regression @security @checkout","ui/saucedemo/checkout.security.spec.ts","",""
"","1454","""Sauce Labs Bike Light"" can be purchased end-to-end","ui-chromium","2026-06-29","passed","2026-06-29","SauceDemo · Purchase each product @ui @regression @checkout","ui/saucedemo/checkout.data.spec.ts","",""
"","2788","sort price low→high orders prices ascending","ui-firefox","2026-06-29","passed","2026-06-29","SauceDemo · Inventory sorting @ui @regression @inventory","ui/saucedemo/inventory.sorting.spec.ts","",""
"","743","the login button is reachable using only the Tab key","accessibility","2026-06-29","passed","2026-06-29","SauceDemo · Login · Accessibility @a11y @accessibility @regression","accessibility/saucedemo/login.a11y.spec.ts","",""
"","26","transaction ROLLBACK leaves no trace","db","2026-06-29","passed","2026-06-29","PostgreSQL · Employee repository @db","db/employee.spec.ts","",""
"","1649","PDP for ""Sauce Labs Backpack"" matches its listing","ui-chromium","2026-06-29","passed","2026-06-29","SauceDemo · Product Detail Page @ui @regression @inventory","ui/saucedemo/product-details.spec.ts","",""
"","5436","PDP for ""Sauce Labs Fleece Jacket"" shows correct details","ui-firefox","2026-06-29","passed","2026-06-29","SauceDemo · PDP per product @ui @regression @inventory","ui/saucedemo/product-details.data.spec.ts","",""
"","1329","a cart line item links to its product detail page","ui-chromium","2026-06-29","passed","2026-06-29","SauceDemo · Cart persistence & navigation @ui @regression @cart","ui/saucedemo/cart.persistence.spec.ts","",""
"","3097","missing postal code → ""Postal Code is required""","ui-webkit","2026-06-29","passed","2026-06-29","SauceDemo · Checkout validation @ui @regression @negative @checkout","ui/saucedemo/checkout.validation.spec.ts","",""
"","2075","SQLi username payload (admin comment) does not bypass auth","ui-firefox","2026-06-29","passed","2026-06-29","SauceDemo · Login security @ui @regression @security","ui/saucedemo/login.security.spec.ts","",""
"","1487","cancel from the overview returns to the inventory","ui-chromium","2026-06-29","passed","2026-06-29","SauceDemo · Checkout flow (extended) @ui @regression @checkout","ui/saucedemo/checkout.flow-extended.spec.ts","",""
"","62","adds a product (POST)","api","2026-06-29","passed","2026-06-29","DummyJSON · Product API @api","api/products.spec.ts","",""
"","70","update a post (PUT 200)","api","2026-06-29","passed","2026-06-29","JSONPlaceholder · Post API @api","api/posts.spec.ts","",""
"","3570","PDP for ""Sauce Labs Backpack"" matches its listing","ui-firefox","2026-06-29","passed","2026-06-29","SauceDemo · Product Detail Page @ui @regression @inventory","ui/saucedemo/product-details.spec.ts","",""
"","1155","removing the last item empties the cart","ui-chromium","2026-06-29","passed","2026-06-29","SauceDemo · Cart persistence & navigation @ui @regression @cart","ui/saucedemo/cart.persistence.spec.ts","",""
"","65","an XSS payload is stored and echoed as inert JSON data","api","2026-06-29","passed","2026-06-29","DummyJSON · API security @api @regression @security","api/security.spec.ts","",""
"","3335","""Test.allTheThings() T-Shirt (Red)"" can be purchased end-to-end","ui-webkit","2026-06-29","passed","2026-06-29","SauceDemo · Purchase each product @ui @regression @checkout","ui/saucedemo/checkout.data.spec.ts","",""
"","3345","XSS name payload (img onerror) is treated as inert text","ui-webkit","2026-06-29","passed","2026-06-29","SauceDemo · Checkout input security @ui @regression @security @checkout","ui/saucedemo/checkout.security.spec.ts","",""
"","1551","XSS username payload (img onerror) is neutralised","ui-chromium","2026-06-29","passed","2026-06-29","SauceDemo · Login security @ui @regression @security","ui/saucedemo/login.security.spec.ts","",""
"","2925","removing the last item empties the cart","ui-webkit","2026-06-29","passed","2026-06-29","SauceDemo · Cart persistence & navigation @ui @regression @cart","ui/saucedemo/cart.persistence.spec.ts","",""
"","1637","boundary: 256-char username is rejected without error leak","ui-webkit","2026-06-29","passed","2026-06-29","SauceDemo · Login negative & boundary inputs @ui @regression @negative","ui/saucedemo/login.negative.spec.ts","",""
"","3291","locked_out_user → error","ui-firefox","2026-06-29","passed","2026-06-29","SauceDemo · Data-driven login @ui @regression","ui/saucedemo/login.data-driven.spec.ts","",""
"","169","a partial update (PATCH) changes a single field","api","2026-06-29","passed","2026-06-29","Restful-Booker · Booking extended @api @regression @booking","api/booking-extended.spec.ts","",""
"","3044","missing last name → ""Last Name is required""","ui-webkit","2026-06-29","passed","2026-06-29","SauceDemo · Checkout validation @ui @regression @negative @checkout","ui/saucedemo/checkout.validation.spec.ts","",""
"","4386","the login card matches the baseline","visual","2026-06-29","passed","2026-06-29","OrangeHRM · Login · Visual @visual @regression","visual/orangehrm/login.visual.spec.ts","",""
"","368","create → get → update status → delete (full CRUD)","api","2026-06-29","passed","2026-06-29","Swagger Petstore · Pet API @api","api/pet.spec.ts","",""
"","72","skipping beyond the dataset returns no products","api","2026-06-29","passed","2026-06-29","DummyJSON · Products extended @api @regression","api/dummyjson-extended.spec.ts","",""
"","4211","totals reconcile for the full six-item cart","ui-webkit","2026-06-29","passed","2026-06-29","SauceDemo · Checkout totals @ui @regression @checkout","ui/saucedemo/checkout.totals.spec.ts","",""
"","6","data fixture generates isolated test data","api","2026-06-29","passed","2026-06-29","Custom fixtures (DI) @smoke","api/fixtures.spec.ts","",""
"","1864","inventory grid renders at mobile portrait (375px)","ui-webkit","2026-06-29","passed","2026-06-29","SauceDemo · Responsive inventory @ui @regression @responsive","ui/saucedemo/responsive.spec.ts","",""
"","1787","login renders and works at desktop (1440px)","ui-chromium","2026-06-29","passed","2026-06-29","SauceDemo · Responsive login @ui @regression @responsive","ui/saucedemo/responsive.spec.ts","",""
"","1334","locked_out_user → error","ui-chromium","2026-06-29","passed","2026-06-29","SauceDemo · Data-driven login @ui @regression","ui/saucedemo/login.data-driven.spec.ts","",""
"","1281","default sort is name A→Z","ui-chromium","2026-06-29","passed","2026-06-29","SauceDemo · Inventory sorting @ui @regression @inventory","ui/saucedemo/inventory.sorting.spec.ts","",""
"","44","COMMIT persists multiple inserts atomically","db","2026-06-29","passed","2026-06-29","PostgreSQL · Transactions @db","db/advanced.spec.ts","",""
"","12675","the grid shows the expected column headers","ui-chromium","2026-06-29","passed","2026-06-29","OrangeHRM · PIM data grid @ui @regression @tables","ui/orangehrm/pim-table.spec.ts","",""
"","4479","session is shared across a second tab in the same context","ui-firefox","2026-06-29","passed","2026-06-29","SauceDemo · Authenticated session @ui @regression","ui/saucedemo/session.spec.ts","",""
"","148","@smoke create → get → schema + perf (request chaining)","api","2026-06-29","passed","2026-06-29","Restful-Booker · Booking API @api","api/booking.spec.ts","",""
"","2880","PDP for ""Sauce Labs Bike Light"" shows correct details","ui-webkit","2026-06-29","passed","2026-06-29","SauceDemo · PDP per product @ui @regression @inventory","ui/saucedemo/product-details.data.spec.ts","",""
"","2","resolves a valid environment","api","2026-06-29","passed","2026-06-29","Configuration facade @smoke","api/config.spec.ts","",""
"","11","findByName returns null for an unknown department","db","2026-06-29","passed","2026-06-29","PostgreSQL · Department repository @db","db/repositories.spec.ts","",""
"","2682","cart reflects the added product","ui-webkit","2026-06-29","passed","2026-06-29","SauceDemo · Inventory (authenticated) @ui @smoke","ui/saucedemo/inventory.spec.ts","",""
"","63","getById(25) returns the matching product","api","2026-06-29","passed","2026-06-29","DummyJSON · Products extended @api @regression","api/dummyjson-extended.spec.ts","",""
"","2872","cart deep-link without a session is not served","ui-webkit","2026-06-29","passed","2026-06-29","SauceDemo · Authorization — protected routes @ui @regression @authorization @negative","ui/saucedemo/authorization.spec.ts","",""
"","1391","problem_user → success","ui-chromium","2026-06-29","passed","2026-06-29","SauceDemo · Data-driven login @ui @regression","ui/saucedemo/login.data-driven.spec.ts","",""
"","3043","sort name A→Z orders names ascending","ui-firefox","2026-06-29","passed","2026-06-29","SauceDemo · Inventory sorting @ui @regression @inventory","ui/saucedemo/inventory.sorting.spec.ts","",""
"","1559","a keyboard-only user can sign in","ui-chromium","2026-06-29","passed","2026-06-29","SauceDemo · Login keyboard accessibility @ui @regression @a11y","ui/saucedemo/login.keyboard.spec.ts","",""
"","0","creates a user (POST 201)","api","2026-06-29","skipped","2026-06-29","ReqRes · User API @api","api/users.spec.ts","",""
"","4550","empty submit flags both username and password as required","ui-chromium","2026-06-29","passed","2026-06-29","OrangeHRM · Login negative @ui @regression @negative","ui/orangehrm/login.negative.spec.ts","",""
"","17547","after logout, the catalog is no longer served","ui-chromium","2026-06-29","passed","2026-06-29","SauceDemo · Authenticated session @ui @regression","ui/saucedemo/session.spec.ts","",""
"","25812","data-driven: multiple distinct employees can be created","ui-chromium","2026-06-29","failed","2026-06-29","OrangeHRM · Add Employee form @ui @regression @forms","ui/orangehrm/add-employee.spec.ts","",""
"","7234","creates an employee with a middle name","ui-chromium","2026-06-29","passed","2026-06-29","OrangeHRM · Add Employee form @ui @regression @forms","ui/orangehrm/add-employee.spec.ts","",""
"","8","delete removes the product (findByExternalId → null)","db","2026-06-29","passed","2026-06-29","PostgreSQL · Product-record repository @db","db/repositories.spec.ts","",""
"","1564","inventory grid renders at desktop (1440px)","ui-chromium","2026-06-29","passed","2026-06-29","SauceDemo · Responsive inventory @ui @regression @responsive","ui/saucedemo/responsive.spec.ts","",""
"","7316","whitespace username (tabs) is rejected","ui-firefox","2026-06-29","passed","2026-06-29","SauceDemo · Login negative & boundary inputs @ui @regression @negative","ui/saucedemo/login.negative.spec.ts","",""
"","174","update with a valid token is authorised (200)","api","2026-06-29","passed","2026-06-29","Restful-Booker · Authorization @api @regression @authorization @security","api/authorization.spec.ts","",""
"","1146","password field masks its value (type=password)","ui-chromium","2026-06-29","passed","2026-06-29","SauceDemo · Login security @ui @regression @security","ui/saucedemo/login.security.spec.ts","",""
"","36","parameterized query stores a malicious string literally (no execution)","db","2026-06-29","passed","2026-06-29","PostgreSQL · Injection safety @db","db/advanced.spec.ts","",""
"","1496","SQLi username payload (drop table) does not bypass auth","ui-chromium","2026-06-29","passed","2026-06-29","SauceDemo · Login security @ui @regression @security","ui/saucedemo/login.security.spec.ts","",""
"","1927","SQLi username payload (or-1=1 comment) does not bypass auth","ui-firefox","2026-06-29","passed","2026-06-29","SauceDemo · Login security @ui @regression @security","ui/saucedemo/login.security.spec.ts","",""
"","1553","XSS username payload (script tag) is neutralised","ui-chromium","2026-06-29","passed","2026-06-29","SauceDemo · Login security @ui @regression @security","ui/saucedemo/login.security.spec.ts","",""
"","2376","whitespace username (spaces only) is rejected","ui-firefox","2026-06-29","passed","2026-06-29","SauceDemo · Login negative & boundary inputs @ui @regression @negative","ui/saucedemo/login.negative.spec.ts","",""
"","16523","protected catalog is blocked without a session","ui-chromium","2026-06-29","passed","2026-06-29","SauceDemo · Unauthenticated protection @ui @regression @negative","ui/saucedemo/session.spec.ts","",""
"","1878","missing first name → ""First Name is required""","ui-chromium","2026-06-29","passed","2026-06-29","SauceDemo · Checkout validation @ui @regression @negative @checkout","ui/saucedemo/checkout.validation.spec.ts","",""
"","3441","total equals subtotal plus tax for a single item","ui-firefox","2026-06-29","passed","2026-06-29","SauceDemo · Checkout totals @ui @regression @checkout","ui/saucedemo/checkout.totals.spec.ts","",""
"","8","formatDuration & fileTimestamp produce sane strings","api","2026-06-29","passed","2026-06-29","Async utils @smoke","api/utils.spec.ts","",""
"","1196","unicode username (emoji) is rejected gracefully","ui-chromium","2026-06-29","passed","2026-06-29","SauceDemo · Login negative & boundary inputs @ui @regression @negative","ui/saucedemo/login.negative.spec.ts","",""
"","3158","adding all six products sets the badge to 6","ui-webkit","2026-06-29","passed","2026-06-29","SauceDemo · Inventory cart interactions @ui @regression @inventory","ui/saucedemo/inventory.cart.spec.ts","",""
"","25","2 · give a 10% raise (stored function) & verify","e2e","2026-06-29","passed","2026-06-29","E2E · Employee lifecycle @e2e @db","e2e/employee-lifecycle.e2e.spec.ts","",""
"","1204","full login page matches the baseline","visual","2026-06-29","passed","2026-06-29","SauceDemo · Login · Visual @visual @regression","visual/saucedemo/login.visual.spec.ts","",""
"","11032","login renders and works at tablet (768px)","ui-firefox","2026-06-29","passed","2026-06-29","SauceDemo · Responsive login @ui @regression @responsive","ui/saucedemo/responsive.spec.ts","",""
"","125","update with a forged token is forbidden (403)","api","2026-06-29","passed","2026-06-29","Restful-Booker · Authorization @api @regression @authorization @security","api/authorization.spec.ts","",""
"","58","GET /booking/zero → not found","api","2026-06-29","passed","2026-06-29","Negative · Restful-Booker @api @negative","api/negative-boundary.spec.ts","",""
"","4193","Admin side menu exposes the core module set","ui-chromium","2026-06-29","passed","2026-06-29","OrangeHRM · Authorization — Admin privileges @ui @regression @authorization","ui/orangehrm/authorization.spec.ts","",""
"","1530","SQLi username payload (admin comment) does not bypass auth","ui-chromium","2026-06-29","passed","2026-06-29","SauceDemo · Login security @ui @regression @security","ui/saucedemo/login.security.spec.ts","",""
"","170","update requires auth token then reflects changes (PUT)","api","2026-06-29","passed","2026-06-29","Restful-Booker · Booking API @api","api/booking.spec.ts","",""
"","2746","product images all expose alternative text","accessibility","2026-06-29","passed","2026-06-29","SauceDemo · Inventory · Accessibility @a11y @accessibility @regression","accessibility/saucedemo/inventory.a11y.spec.ts","",""
"","1785","XSS name payload (script tag) is treated as inert text","ui-chromium","2026-06-29","passed","2026-06-29","SauceDemo · Checkout input security @ui @regression @security @checkout","ui/saucedemo/checkout.security.spec.ts","",""
"","11","deleting a non-existent email affects zero rows","db","2026-06-29","passed","2026-06-29","PostgreSQL · Employee repository @db","db/repositories.spec.ts","",""
"","65","4 · full update (PUT) & verify","e2e","2026-06-29","passed","2026-06-29","E2E · Booking lifecycle @e2e @api","e2e/booking-lifecycle.e2e.spec.ts","",""
"","1955","total equals subtotal plus tax for a single item","ui-chromium","2026-06-29","passed","2026-06-29","SauceDemo · Checkout totals @ui @regression @checkout","ui/saucedemo/checkout.totals.spec.ts","",""
"","0","deletes a user (DELETE 204)","api","2026-06-29","skipped","2026-06-29","ReqRes · User API @api","api/users.spec.ts","",""
"","221","delete removes the booking (DELETE → 404 on re-fetch)","api","2026-06-29","passed","2026-06-29","Restful-Booker · Booking API @api","api/booking.spec.ts","",""
"","6462","selecting a row checks exactly one checkbox","ui-chromium","2026-06-29","passed","2026-06-29","OrangeHRM · PIM data grid @ui @regression @tables","ui/orangehrm/pim-table.spec.ts","",""
"","2259","unicode username (accented latin) is rejected gracefully","ui-firefox","2026-06-29","passed","2026-06-29","SauceDemo · Login negative & boundary inputs @ui @regression @negative","ui/saucedemo/login.negative.spec.ts","",""
"","4114","""Test.allTheThings() T-Shirt (Red)"" can be added and removed","ui-firefox","2026-06-29","passed","2026-06-29","SauceDemo · Cart add/remove per product @ui @regression @cart","ui/saucedemo/cart.data.spec.ts","",""
"","2066","@smoke standard_user logs in and reaches the inventory","ui-webkit","2026-06-29","passed","2026-06-29","SauceDemo · Login @ui @regression","ui/saucedemo/login.spec.ts","",""
"","3571","enabling ""Create Login Details"" reveals the username field","ui-chromium","2026-06-29","passed","2026-06-29","OrangeHRM · Add Employee form @ui @regression @forms","ui/orangehrm/add-employee.spec.ts","",""
"","176","deleting an already-removed product is a safe no-op","e2e","2026-06-29","passed","2026-06-29","E2E · Product full CRUD across API and DB @e2e","e2e/product-crud.e2e.spec.ts","",""
"","20","findById returns null for an unknown id","db","2026-06-29","passed","2026-06-29","PostgreSQL · Repository edge cases @db","db/repositories-extended.spec.ts","",""
"","509","DummyJSON product list conforms to schema","api","2026-06-29","passed","2026-06-29","Contract / schema validation @api @contract","api/contract.spec.ts","",""
"","4177","completing an order shows confirmation and empties the cart","ui-firefox","2026-06-29","passed","2026-06-29","SauceDemo · Checkout flow (extended) @ui @regression @checkout","ui/saucedemo/checkout.flow-extended.spec.ts","",""
"","4011","saving with an empty last name is blocked","ui-chromium","2026-06-29","passed","2026-06-29","OrangeHRM · Add Employee form @ui @regression @forms","ui/orangehrm/add-employee.spec.ts","",""
"","211","GET /pet/{nonexistent} → 404","api","2026-06-29","passed","2026-06-29","Negative · Petstore @api @negative","api/negative-boundary.spec.ts","",""
"","13","insert then findByName returns the row (read-after-write)","db","2026-06-29","passed","2026-06-29","PostgreSQL · Department repository @db","db/repositories.spec.ts","",""
"","14","retryAsync eventually succeeds","api","2026-06-29","passed","2026-06-29","Async utils @smoke","api/utils.spec.ts","",""
"","3080","first and last name only stops at the postal-code requirement","ui-webkit","2026-06-29","passed","2026-06-29","SauceDemo · Checkout validation @ui @regression @negative @checkout","ui/saucedemo/checkout.validation.spec.ts","",""
"","8452","empty (empty username) → ""Username is required""","ui-firefox","2026-06-29","passed","2026-06-29","SauceDemo · Login negative & boundary inputs @ui @regression @negative","ui/saucedemo/login.negative.spec.ts","",""
"","2543","XSS username payload (javascript: uri) is neutralised","ui-firefox","2026-06-29","passed","2026-06-29","SauceDemo · Login security @ui @regression @security","ui/saucedemo/login.security.spec.ts","",""
"","165","2 · create the booking","e2e","2026-06-29","passed","2026-06-29","E2E · Booking lifecycle @e2e @api","e2e/booking-lifecycle.e2e.spec.ts","",""
"","2763","PDP for ""Sauce Labs Onesie"" shows correct details","ui-webkit","2026-06-29","passed","2026-06-29","SauceDemo · PDP per product @ui @regression @inventory","ui/saucedemo/product-details.data.spec.ts","",""
"","2512","sort name Z→A orders names descending","ui-webkit","2026-06-29","passed","2026-06-29","SauceDemo · Inventory sorting @ui @regression @inventory","ui/saucedemo/inventory.sorting.spec.ts","",""
"","821","login controls are operable in the expected keyboard focus order","accessibility","2026-06-29","passed","2026-06-29","SauceDemo · Login · Accessibility @a11y @accessibility @regression","accessibility/saucedemo/login.a11y.spec.ts","",""
"","1213","tab order flows username → password","ui-webkit","2026-06-29","passed","2026-06-29","SauceDemo · Login keyboard accessibility @ui @regression @a11y","ui/saucedemo/login.keyboard.spec.ts","",""
"","34","the users collection has 10 items","api","2026-06-29","passed","2026-06-29","JSONPlaceholder · Posts extended @api @regression","api/jsonplaceholder-posts.spec.ts","",""
"","3592","remove on the inventory decrements the badge","ui-firefox","2026-06-29","passed","2026-06-29","SauceDemo · Inventory cart interactions @ui @regression @inventory","ui/saucedemo/inventory.cart.spec.ts","",""
"","1771","unicode username (cjk) is rejected gracefully","ui-firefox","2026-06-29","passed","2026-06-29","SauceDemo · Login negative & boundary inputs @ui @regression @negative","ui/saucedemo/login.negative.spec.ts","",""
"","16191","protected catalog is blocked without a session","ui-firefox","2026-06-29","passed","2026-06-29","SauceDemo · Unauthenticated protection @ui @regression @negative","ui/saucedemo/session.spec.ts","",""
"","114","a created booking is retrievable by id","api","2026-06-29","passed","2026-06-29","Restful-Booker · Booking extended @api @regression @booking","api/booking-extended.spec.ts","",""
"","3501","overview totals: subtotal + tax = total (soft assertions)","ui-webkit","2026-06-29","passed","2026-06-29","SauceDemo · Checkout flow @ui @e2e","ui/saucedemo/checkout.spec.ts","",""
"","3145","every product image has alt text","ui-firefox","2026-06-29","passed","2026-06-29","SauceDemo · Catalog integrity @ui @regression @inventory","ui/saucedemo/inventory.catalog.spec.ts","",""
"","1967","overview totals: subtotal + tax = total (soft assertions)","ui-chromium","2026-06-29","passed","2026-06-29","SauceDemo · Checkout flow @ui @e2e","ui/saucedemo/checkout.spec.ts","",""
"","1482","password field masks its value (type=password)","ui-webkit","2026-06-29","passed","2026-06-29","SauceDemo · Login security @ui @regression @security","ui/saucedemo/login.security.spec.ts","",""
"","3067","cart survives visiting a product page and returning","ui-webkit","2026-06-29","passed","2026-06-29","SauceDemo · Cart persistence & navigation @ui @regression @cart","ui/saucedemo/cart.persistence.spec.ts","",""
"","2123","PDP for ""Sauce Labs Bike Light"" shows correct details","ui-chromium","2026-06-29","passed","2026-06-29","SauceDemo · PDP per product @ui @regression @inventory","ui/saucedemo/product-details.data.spec.ts","",""
"","4985","cart reflects the added product","ui-firefox","2026-06-29","passed","2026-06-29","SauceDemo · Inventory (authenticated) @ui @smoke","ui/saucedemo/inventory.spec.ts","",""
"","378","getPost(1) returns the matching post","api","2026-06-29","passed","2026-06-29","JSONPlaceholder · Posts extended @api @regression","api/jsonplaceholder-posts.spec.ts","",""
"","1413","cart contents persist across a page refresh","ui-chromium","2026-06-29","passed","2026-06-29","SauceDemo · Cart persistence & navigation @ui @regression @cart","ui/saucedemo/cart.persistence.spec.ts","",""
"","1959","the checkout information form has no violations","accessibility","2026-06-29","passed","2026-06-29","SauceDemo · Cart & Checkout · Accessibility @a11y @accessibility @regression","accessibility/saucedemo/cart.a11y.spec.ts","",""
"","7","deactivating a non-existent employee affects zero rows","db","2026-06-29","passed","2026-06-29","PostgreSQL · Employee repository @db","db/repositories.spec.ts","",""
"","2962","checkout (overview) deep-link without a session is not served","ui-webkit","2026-06-29","passed","2026-06-29","SauceDemo · Authorization — protected routes @ui @regression @authorization @negative","ui/saucedemo/authorization.spec.ts","",""
"","1898","PDP for ""Sauce Labs Bolt T-Shirt"" shows correct details","ui-chromium","2026-06-29","passed","2026-06-29","SauceDemo · PDP per product @ui @regression @inventory","ui/saucedemo/product-details.data.spec.ts","",""
"","3184","the scanner detects the known unlabeled sort control","accessibility","2026-06-29","passed","2026-06-29","SauceDemo · Inventory · Accessibility @a11y @accessibility @regression","accessibility/saucedemo/inventory.a11y.spec.ts","",""
"","2902","add toggles the card button to ""Remove""","ui-firefox","2026-06-29","passed","2026-06-29","SauceDemo · Inventory cart interactions @ui @regression @inventory","ui/saucedemo/inventory.cart.spec.ts","",""
"","432","Petstore pet conforms to schema","api","2026-06-29","passed","2026-06-29","Contract / schema validation @api @contract","api/contract.spec.ts","",""
"","61","a SQLi payload in a product title is treated as literal data","api","2026-06-29","passed","2026-06-29","DummyJSON · API security @api @regression @security","api/security.spec.ts","",""
"","4388","ARIA roles, states and properties are valid","accessibility","2026-06-29","passed","2026-06-29","OrangeHRM · Login · Accessibility @a11y @accessibility @regression","accessibility/orangehrm/login.a11y.spec.ts","",""
"","1984","overview line items and quantities match the order","ui-chromium","2026-06-29","passed","2026-06-29","SauceDemo · Checkout totals @ui @regression @checkout","ui/saucedemo/checkout.totals.spec.ts","",""
"","6590","pagination control is present and navigable (Pagination component)","ui-chromium","2026-06-29","passed","2026-06-29","OrangeHRM · PIM employee grid @ui @regression","ui/orangehrm/pim.spec.ts","",""
"","1638","XSS name payload (img onerror) is treated as inert text","ui-chromium","2026-06-29","passed","2026-06-29","SauceDemo · Checkout input security @ui @regression @security @checkout","ui/saucedemo/checkout.security.spec.ts","",""
"","17","department insert + delete round-trips the row count","db","2026-06-29","passed","2026-06-29","PostgreSQL · Repository edge cases @db","db/repositories-extended.spec.ts","",""
"","3497","session is shared across a second tab in the same context","ui-webkit","2026-06-29","passed","2026-06-29","SauceDemo · Authenticated session @ui @regression","ui/saucedemo/session.spec.ts","",""
"","17","updateSalary returns the persisted new salary","db","2026-06-29","passed","2026-06-29","PostgreSQL · Repository edge cases @db","db/repositories-extended.spec.ts","",""
"","430","server-side sort by price descending is ordered","api","2026-06-29","passed","2026-06-29","DummyJSON · Products extended @api @regression","api/dummyjson-extended.spec.ts","",""
"","3025","every product has a non-empty name","ui-firefox","2026-06-29","passed","2026-06-29","SauceDemo · Catalog integrity @ui @regression @inventory","ui/saucedemo/inventory.catalog.spec.ts","",""
"","1253","continue shopping preserves the cart contents","ui-chromium","2026-06-29","passed","2026-06-29","SauceDemo · Cart persistence & navigation @ui @regression @cart","ui/saucedemo/cart.persistence.spec.ts","",""
"","389","getPost(25) returns the matching post","api","2026-06-29","passed","2026-06-29","JSONPlaceholder · Posts extended @api @regression","api/jsonplaceholder-posts.spec.ts","",""
"","74","products sorted by title descending","api","2026-06-29","passed","2026-06-29","Server-side sorting @api","api/sla-and-sorting.spec.ts","",""
"","4312","authenticate OrangeHRM admin","setup-orange","2026-06-29","passed","2026-06-29","","setup/orange-auth.setup.ts","",""
"","1958","the cart page has no WCAG 2.1 A/AA violations","accessibility","2026-06-29","passed","2026-06-29","SauceDemo · Cart & Checkout · Accessibility @a11y @accessibility @regression","accessibility/saucedemo/cart.a11y.spec.ts","",""
"","1586","@smoke inventory loads within budget","performance","2026-06-29","passed","2026-06-29","SauceDemo · Inventory · Performance @perf","performance/saucedemo/inventory.perf.spec.ts","",""
"","1331","@smoke cart screen loads within budget","performance","2026-06-29","passed","2026-06-29","SauceDemo · Cart · Performance @perf","performance/saucedemo/cart.perf.spec.ts","",""
"","1567","XSS username payload (javascript: uri) is neutralised","ui-chromium","2026-06-29","passed","2026-06-29","SauceDemo · Login security @ui @regression @security","ui/saucedemo/login.security.spec.ts","",""
"","4753","adding all six products sets the badge to 6","ui-firefox","2026-06-29","passed","2026-06-29","SauceDemo · Inventory cart interactions @ui @regression @inventory","ui/saucedemo/inventory.cart.spec.ts","",""
"","4125","a cart line item links to its product detail page","ui-firefox","2026-06-29","passed","2026-06-29","SauceDemo · Cart persistence & navigation @ui @regression @cart","ui/saucedemo/cart.persistence.spec.ts","",""
"","75","an XSS payload in the query is handled safely","api","2026-06-29","passed","2026-06-29","DummyJSON · Product search @api @regression @search","api/products.search.spec.ts","",""
"","1890","only the first name filled stops at the last-name requirement","ui-chromium","2026-06-29","passed","2026-06-29","SauceDemo · Checkout validation @ui @regression @negative @checkout","ui/saucedemo/checkout.validation.spec.ts","",""
"","11846","@smoke Admin logs in and reaches the dashboard","ui-chromium","2026-06-29","passed","2026-06-29","OrangeHRM · Login @ui @regression","ui/orangehrm/login.spec.ts","",""
"","435","checkout (overview) deep-link without a session is not served","ui-chromium","2026-06-29","passed","2026-06-29","SauceDemo · Authorization — protected routes @ui @regression @authorization @negative","ui/saucedemo/authorization.spec.ts","",""
"","3416","""Sauce Labs Backpack"" can be added and removed","ui-firefox","2026-06-29","passed","2026-06-29","SauceDemo · Cart add/remove per product @ui @regression @cart","ui/saucedemo/cart.data.spec.ts","",""
"","1689","XSS username payload (script tag) is neutralised","ui-webkit","2026-06-29","passed","2026-06-29","SauceDemo · Login security @ui @regression @security","ui/saucedemo/login.security.spec.ts","",""
"","6504","subtotal equals the sum of item prices","ui-firefox","2026-06-29","passed","2026-06-29","SauceDemo · Checkout totals @ui @regression @checkout","ui/saucedemo/checkout.totals.spec.ts","",""
"","81","configured admin credentials authenticate successfully","api","2026-06-29","passed","2026-06-29","Restful-Booker · Auth API @api @regression @authentication","api/auth.spec.ts","",""
"","68","all listed products have non-negative stock","api","2026-06-29","passed","2026-06-29","DummyJSON · Product catalog integrity @api @regression @inventory","api/products.extended.spec.ts","",""
"","5558","totals reconcile for the full six-item cart","ui-firefox","2026-06-29","passed","2026-06-29","SauceDemo · Checkout totals @ui @regression @checkout","ui/saucedemo/checkout.totals.spec.ts","",""
"","70","search with no match returns empty set, not an error","api","2026-06-29","passed","2026-06-29","Boundary · DummyJSON products @api @negative","api/negative-boundary.spec.ts","",""
"","7","count increases by one after an insert","db","2026-06-29","passed","2026-06-29","PostgreSQL · Employee repository @db","db/repositories.spec.ts","",""
"","59","@smoke findByStatus(available) filters correctly + schema","api","2026-06-29","passed","2026-06-29","Swagger Petstore · Pet API @api","api/pet.spec.ts","",""
"","76","3 · read back & verify","e2e","2026-06-29","passed","2026-06-29","E2E · Booking lifecycle @e2e @api","e2e/booking-lifecycle.e2e.spec.ts","",""
"","1379","SQLi username payload (union select) does not bypass auth","ui-chromium","2026-06-29","passed","2026-06-29","SauceDemo · Login security @ui @regression @security","ui/saucedemo/login.security.spec.ts","",""
"","45","index idx_employees_last_name exists","db","2026-06-29","passed","2026-06-29","PostgreSQL · Employee repository @db","db/employee.spec.ts","",""
"","1756","PDP for ""Test.allTheThings() T-Shirt (Red)"" shows correct details","ui-chromium","2026-06-29","passed","2026-06-29","SauceDemo · PDP per product @ui @regression @inventory","ui/saucedemo/product-details.data.spec.ts","",""
"","1377","""Sauce Labs Bolt T-Shirt"" can be purchased end-to-end","ui-chromium","2026-06-29","passed","2026-06-29","SauceDemo · Purchase each product @ui @regression @checkout","ui/saucedemo/checkout.data.spec.ts","",""
"","75","pagination total is consistent with the page size","api","2026-06-29","passed","2026-06-29","DummyJSON · Product catalog integrity @api @regression @inventory","api/products.extended.spec.ts","",""
"","4072","""Sauce Labs Bolt T-Shirt"" can be purchased end-to-end","ui-firefox","2026-06-29","passed","2026-06-29","SauceDemo · Purchase each product @ui @regression @checkout","ui/saucedemo/checkout.data.spec.ts","",""
"","5091","full login page matches the baseline (dynamic footer masked)","visual","2026-06-29","passed","2026-06-29","OrangeHRM · Login · Visual @visual @regression","visual/orangehrm/login.visual.spec.ts","",""
"","2527","every product price is positive","ui-firefox","2026-06-29","passed","2026-06-29","SauceDemo · Catalog integrity @ui @regression @inventory","ui/saucedemo/inventory.catalog.spec.ts","",""
"","11371","session persists across a page refresh","ui-firefox","2026-06-29","passed","2026-06-29","SauceDemo · Authenticated session @ui @regression","ui/saucedemo/session.spec.ts","",""
"","624","cart lists items in the order they were added","ui-chromium","2026-06-29","passed","2026-06-29","SauceDemo · Cart contents integrity @ui @regression @cart","ui/saucedemo/cart.contents.spec.ts","",""
"","2939","problem_user → success","ui-firefox","2026-06-29","passed","2026-06-29","SauceDemo · Data-driven login @ui @regression","ui/saucedemo/login.data-driven.spec.ts","",""
"","3721","PDP for ""Sauce Labs Onesie"" shows correct details","ui-firefox","2026-06-29","passed","2026-06-29","SauceDemo · PDP per product @ui @regression @inventory","ui/saucedemo/product-details.data.spec.ts","",""
"","1117","checkout from the cart opens checkout step one","ui-chromium","2026-06-29","passed","2026-06-29","SauceDemo · Cart persistence & navigation @ui @regression @cart","ui/saucedemo/cart.persistence.spec.ts","",""
"","2213","every product image has alt text","ui-webkit","2026-06-29","passed","2026-06-29","SauceDemo · Catalog integrity @ui @regression @inventory","ui/saucedemo/inventory.catalog.spec.ts","",""
"","1962","XSS name payload (svg onload) is treated as inert text","ui-chromium","2026-06-29","passed","2026-06-29","SauceDemo · Checkout input security @ui @regression @security @checkout","ui/saucedemo/checkout.security.spec.ts","",""
"","3525","cancel returns to the employee list","ui-chromium","2026-06-29","passed","2026-06-29","OrangeHRM · Add Employee form @ui @regression @forms","ui/orangehrm/add-employee.spec.ts","",""
"","4353","select-all checks every row on the page","ui-chromium","2026-06-29","passed","2026-06-29","OrangeHRM · PIM data grid @ui @regression @tables","ui/orangehrm/pim-table.spec.ts","",""
"","2513","sorts products by price low → high","ui-webkit","2026-06-29","passed","2026-06-29","SauceDemo · Inventory (authenticated) @ui @smoke","ui/saucedemo/inventory.spec.ts","",""
"","115","forbidden response body does not leak a stack trace","api","2026-06-29","passed","2026-06-29","Restful-Booker · Authorization @api @regression @authorization @security","api/authorization.spec.ts","",""
"","22","assertExists/assertNotExists track an insert and delete","db","2026-06-29","passed","2026-06-29","PostgreSQL · DB assertions helper @db","db/repositories.spec.ts","",""
"","113","bookings can be filtered by first name","api","2026-06-29","passed","2026-06-29","Restful-Booker · Booking extended @api @regression @booking","api/booking-extended.spec.ts","",""
"","3531","payment and shipping information are shown on the overview","ui-firefox","2026-06-29","passed","2026-06-29","SauceDemo · Checkout flow (extended) @ui @regression @checkout","ui/saucedemo/checkout.flow-extended.spec.ts","",""
"","12422","@smoke the record count is at least the number of visible rows","ui-chromium","2026-06-29","passed","2026-06-29","OrangeHRM · PIM data grid @ui @regression @tables","ui/orangehrm/pim-table.spec.ts","",""
"","3326","subtotal equals the sum of item prices","ui-webkit","2026-06-29","passed","2026-06-29","SauceDemo · Checkout totals @ui @regression @checkout","ui/saucedemo/checkout.totals.spec.ts","",""
"","8933","the unfiltered list shows employee records","ui-chromium","2026-06-29","passed","2026-06-29","OrangeHRM · PIM search @ui @regression @search","ui/orangehrm/pim-search.spec.ts","",""
"","3009","""Sauce Labs Fleece Jacket"" can be added and removed","ui-webkit","2026-06-29","passed","2026-06-29","SauceDemo · Cart add/remove per product @ui @regression @cart","ui/saucedemo/cart.data.spec.ts","",""
"","67","an unknown-resource 404 body contains no stack trace","api","2026-06-29","passed","2026-06-29","DummyJSON · API security @api @regression @security","api/security.spec.ts","",""
"","1285","cart survives visiting a product page and returning","ui-chromium","2026-06-29","passed","2026-06-29","SauceDemo · Cart persistence & navigation @ui @regression @cart","ui/saucedemo/cart.persistence.spec.ts","",""
"","2956","a cart line item links to its product detail page","ui-webkit","2026-06-29","passed","2026-06-29","SauceDemo · Cart persistence & navigation @ui @regression @cart","ui/saucedemo/cart.persistence.spec.ts","",""
"","116","limit=100 (large limit) returns at most 100","api","2026-06-29","passed","2026-06-29","Boundary · DummyJSON products @api @negative","api/negative-boundary.spec.ts","",""
"","125","search is case-insensitive","api","2026-06-29","passed","2026-06-29","DummyJSON · Product search @api @regression @search","api/products.search.spec.ts","",""
"","3476","PDP for ""Sauce Labs Bolt T-Shirt"" shows correct details","ui-firefox","2026-06-29","passed","2026-06-29","SauceDemo · PDP per product @ui @regression @inventory","ui/saucedemo/product-details.data.spec.ts","",""
"","1963","SQLi username payload (union select) does not bypass auth","ui-firefox","2026-06-29","passed","2026-06-29","SauceDemo · Login security @ui @regression @security","ui/saucedemo/login.security.spec.ts","",""
"","426","1 · authenticate","e2e","2026-06-29","passed","2026-06-29","E2E · Booking lifecycle @e2e @api","e2e/booking-lifecycle.e2e.spec.ts","",""
"","1081","whitespace username (spaces only) is rejected","ui-chromium","2026-06-29","passed","2026-06-29","SauceDemo · Login negative & boundary inputs @ui @regression @negative","ui/saucedemo/login.negative.spec.ts","",""
"","2616","sort price high→low orders prices descending","ui-firefox","2026-06-29","passed","2026-06-29","SauceDemo · Inventory sorting @ui @regression @inventory","ui/saucedemo/inventory.sorting.spec.ts","",""
"","3605","""Sauce Labs Fleece Jacket"" can be purchased end-to-end","ui-webkit","2026-06-29","passed","2026-06-29","SauceDemo · Purchase each product @ui @regression @checkout","ui/saucedemo/checkout.data.spec.ts","",""
